"BATCH_FILE","ITEM","BLOCKS_SEEN","NUMBER_VERDICT","WAY_UP","PHOTO_NOTES","WORDS_VERDICT","WORDS_NOTE","NAME_VERDICT","NAME_NOTE","OTHER_PROBLEMS","SURE"
"G01_SONG_FULL_LYRICS_PAGE_01_OF_03_V10F_W0220__cards_01-10__READER_A.json","3","003","MATCHES","1:UPRIGHT","1=[003] Loose-leaf 'First draft' of Summer's the time, heavy circled crossouts and syllable counts. The turned copy is upright.","TYPED WORDS INCLUDE A SHEET NOT PICTURED","Only the first-draft sheet is pictured. The typed clean version ('SUMMER'S THE TIME' second block) and the third block 'Waiting... Searching... For the love of my life' (a different song about pages turning / ex-wife) are on no photo here.","OK","Sheet has 'summer's the time' written top right.","Summary says two sheets (shot 13 draft + shot 14 clean version) but only shot 13 is on the card. The 'Waiting... Searching' text looks like another song entirely.","SURE"
"G01_SONG_FULL_LYRICS_PAGE_01_OF_03_V10F_W0220__cards_01-10__READER_A.json","10","010","MATCHES","1:UPRIGHT","1=[010] Loose-leaf sheet, 'Battling to defeat the day', a few scribbled-out lines.","MATCH","Typed words follow the sheet line for line.","OK","First line of the sheet.","","SURE"
"G01_SONG_FULL_LYRICS_PAGE_01_OF_03_V10F_W0220__cards_01-10__READER_A.json","22","022","MATCHES","1:UPRIGHT","1=[022] Hole-punched loose-leaf sheet titled 'Leaving your roots', light revisions, 'Sometimes' in left margin.","MATCH","Typed words follow the sheet; 'sometimes' is the margin note.","OK","Title written on the sheet.","Summary says spiral notebook and heavy revisions; photo shows hole-punched loose leaf with only light revisions.","SURE"
"G01_SONG_FULL_LYRICS_PAGE_01_OF_03_V10F_W0220__cards_01-10__READER_A.json","27","026","DIFFERENT NUMBER","1:UPRIGHT","1=[026] Hole-punched loose-leaf sheet, 'When the snowflakes cover the ground', clean copy.","MATCH","Typed words match the sheet.","OK","First line of the sheet.","Photo 1 blocks clearly read 0-2-6 = item 26, not 27. This photo belongs to number 26. (Next card 28 shows blocks 027 - looks like an off-by-one shift.)","SURE"
"G01_SONG_FULL_LYRICS_PAGE_01_OF_03_V10F_W0220__cards_01-10__READER_A.json","28","027","DIFFERENT NUMBER","1:UPRIGHT 2:UPRIGHT 3:UPRIGHT","1=[027] Both sheets of 'IN THE POURING RAIN' laid together (decorated title sheet on top, second sheet below). || 2=[027] Sheet 1: decorated title 'IN THE POURING RAIN', 'Look into my heart / Look inside your soul...'. || 3=[027] Sheet 2: 'With the angel inside you ... In the pouring rain'.","SHEET WORDS NOT TYPED","Typed words are only 6 lines ('I could live for you ... In the pouring rain'). Nearly all of sheet 1 (photo 2) and most of sheet 2 (photo 3: 'With the angel inside you', 'Since I met you') are not typed.","OK","Decorated title on sheet 1.","All three photos show blocks 0-2-7 = item 27, not 28. These photos belong to number 27. Summary says spiral notebook; sheets look like loose leaf.","SURE"
"G01_SONG_FULL_LYRICS_PAGE_01_OF_03_V10F_W0220__cards_01-10__READER_A.json","31","031","MATCHES","1:UPRIGHT 2:UPRIGHT","1=[031] Loose-leaf sheet 1, 'When I'm with you I never want to say good bye'. || 2=[031] Sheet 2, 'I offer my bed as I offer my hand ... this will just be a song'.","MATCH","Both sheets typed, line for line.","OK","First line of sheet 1.","","SURE"
"G01_SONG_FULL_LYRICS_PAGE_01_OF_03_V10F_W0220__cards_01-10__READER_A.json","33","033","MATCHES","1:UPRIGHT 2:UPRIGHT","1=[033] Loose-leaf sheet titled 'Blessing In Disguise', verse 1 bracketed; bracket 2 is empty. || 2=[033] Second sheet, boxed couplets, rhyme list down left margin, 'Blessing in disguise' at bottom.","MATCH","Both sheets typed, including the margin rhyme list.","OK","Title written on sheet 1.","Summary says spiral notebook with house illustration in the title; photos show hole-punched loose leaf with a plain title and no house drawing.","SURE"
"G01_SONG_FULL_LYRICS_PAGE_01_OF_03_V10F_W0220__cards_01-10__READER_A.json","37","037","MATCHES","1:UPRIGHT","1=[037] Spiral-torn sheet, 14 lines 'Just when I (had) thought that the tide had turned ... less is really more'.","TYPED WORDS INCLUDE A SHEET NOT PICTURED","First block matches the photo. The rest ('If I could turn back this clock', 'I guess we call it writer's block', 'could capture this emotion', 'Such a crying shame...') is on no photo here.","OK","First line of the sheet.","Summary contradicts photo: says loose leaf, blue ink, heavy crossouts, AA/BB/CC grid, numbered 6; photo shows spiral-torn sheet, dark ink, light crossouts, no grid, blocks 037.","SURE"
"G01_SONG_FULL_LYRICS_PAGE_01_OF_03_V10F_W0220__cards_01-10__READER_A.json","65","065","MATCHES","1:UPRIGHT","1=[065] Hole-punched loose-leaf sheet, vowel/consonant alphabet at top, 'I've done something I've told myself I'd never, ever do'.","MATCH","Typed words match the sheet (small misreads only, e.g. 'town me around' for 'leaving town / you spun me around').","OK","First line of the lyric.","","SURE"
"G01_SONG_FULL_LYRICS_PAGE_01_OF_03_V10F_W0220__cards_01-10__READER_A.json","69","069","MATCHES","1:UPRIGHT 2:UPRIGHT","1=[069] Loose-leaf sheet with decorated title 'CALL IT FATE', three verses (birds circle / cancer / hospital baby boy). || 2=[069] Second sheet in blue ink, alphabet at top, 'Your heart breaks with every tender touch ... after the rain soon comes the sun'.","SHEET WORDS NOT TYPED","Photo 2 is typed in full. Photo 1 is only partly typed as a squashed summary: missing 'One more time won't they leave you alone', 'Just when you thought there was noone to see', 'But unfortunately for you its too late', 'Enter the hospital a dying life / Exit the church a crying wife', the 'You can call it fate' refrains, and the whole third verse ('In the next room of the hospital lies a mother's joy ... why he grew to kill').","OK","Decorated title on photo 1.","","SURE"
"G01_SONG_FULL_LYRICS_PAGE_01_OF_03_V10F_W0220__cards_11-20__READER_A.json","71","071","MATCHES","1:UPRIGHT 2:UPRIGHT","1=[071] Cream loose-leaf sheet, cursive, titled Dead End, full song || 2=[071] Second loose-leaf sheet with the 4-line closing verse (I've been down that road, I told you my friend)","MATCH","Typed words match both sheets, including the 4-line coda on sheet 2.","OK","Dead End is the title written on sheet 1.","","SURE"
"G01_SONG_FULL_LYRICS_PAGE_01_OF_03_V10F_W0220__cards_11-20__READER_A.json","73","073","MATCHES","1:UPRIGHT 2:UPRIGHT 3:UPRIGHT","1=[073] Sheet 1, cursive, starts Darkness has slowly become my best friend || 2=[073] Sheet 2, starts She must have been foreign; right edge of text cut off by the frame || 3=[073] Sheet 2 again, same page as photo 2, whole page in frame","MATCH","Typed words follow sheet 1 and the start of sheet 2 (cut at 1800 chars for the check). No mismatch seen.","OK","First line of the sheet.","Photos 2 and 3 are the same page shot twice (photo 2 crops the right edge). Summary 'numbered 7 in cards' is an odd note; the blocks read 073.","SURE"
"G01_SONG_FULL_LYRICS_PAGE_01_OF_03_V10F_W0220__cards_11-20__READER_A.json","80","080","MATCHES","1:UPRIGHT","1=[080] Spiral-torn notebook sheet, printed handwriting, 13 lines starting hanging by a rope","MATCH","All 13 lines match.","OK","First line of the sheet.","Summary says 'aged loose leaf, cursive' but the sheet is spiral-torn notebook paper in printed (not cursive) handwriting.","SURE"
"G01_SONG_FULL_LYRICS_PAGE_01_OF_03_V10F_W0220__cards_11-20__READER_A.json","87","087","MATCHES","1:UPRIGHT 2:UPRIGHT","1=[087] Sheet with outlined bubble title FALLEN CLOUDS, full first part down to Dante's Inferno || 2=[087] Sheet headed fallen clouds con't, two verses (clouds crawl past / You can not see their face)","TYPED WORDS INCLUDE A SHEET NOT PICTURED","The first two typed parts match photos 1 and 2. After that the typed words go on with 'The middle isn't forming...', 'I lay on the ground as I feel death's cold eyes...' and 'RAIN FALLING...' (and more past the cut) - none of those are on either photo.","OK","FALLEN CLOUDS is the title written on sheet 1.","","SURE"
"G01_SONG_FULL_LYRICS_PAGE_01_OF_03_V10F_W0220__cards_11-20__READER_A.json","92","092","MATCHES","1:UPRIGHT","1=[092] Spiral-torn notebook sheet titled SPREADING the word, one song with cross-outs","TYPED WORDS INCLUDE A SHEET NOT PICTURED","Part 1 matches the photo (except the typed text drops the line 'We're the only ones who pay taxes for welfare'). Part 2, starting '11/14/01 9:29 PM Napalm smells like victory', is not on the photo.","OK","Spreading the word is the title written on the sheet.","Summary says 'illustrated title' but the title is plain handwriting.","SURE"
"G01_SONG_FULL_LYRICS_PAGE_01_OF_03_V10F_W0220__cards_11-20__READER_A.json","93","093","MATCHES","1:UPRIGHT 2:UPRIGHT 3:UPRIGHT 4:UPRIGHT 5:UPRIGHT 6:UPRIGHT 7:SIDEWAYS","1=[093] Both cursive fair-copy sheets of Smell the Flowers laid one above the other || 2=[093] Cursive sheet 1, title Smell the Flowers, 4 Oh Claridalia verses || 3=[093] Cursive sheet 2, last 3 verses (little ones / cool rain / autumn's moon) || 4=[093] Different copy: spiral-torn sheet in printed hand with bubble title CLARIDALIA WHY NOT?, second sheet peeking below || 5=[093] Printed-hand continuation sheet, last 3 verses with 'or' alternate last line || 6=[093] Rough draft sheet (Oh Olaradalia) with syllable counts 1-4 in the right margin and cross-outs || 7=[NONE] Another draft sheet (Oh Claridalia, two verses) beside a torn note reading FIND MATCHING ITEM and ADD This to it; whole photo lies on its side","SMALL DIFFERENCES","The visible typed words (cut at 1800 chars) are the cursive copy (photos 1-3), apparently typed twice. The printed CLARIDALIA WHY NOT? copy (photos 4-5), the numbered draft (photo 6) and the sideways draft (photo 7) are not in the visible part - check the full text holds them; if not, this is SHEET WORDS NOT TYPED.","OK","Smell the Flowers is the cursive title; Claridalia is the hook on every sheet.","Photo 7 is sideways on the website, has no number blocks, and shows a work note 'FIND MATCHING ITEM and ADD This to it' that a buyer would see. It comes from a different folder (gems-0501-1000) - its link to 093 is not proven by blocks.","FAIRLY SURE"
"G01_SONG_FULL_LYRICS_PAGE_01_OF_03_V10F_W0220__cards_11-20__READER_A.json","99","099","MATCHES","1:UPRIGHT","1=[099] Spiral-torn notebook sheet, no title, 5 verses starting Looking for a role model","TYPED WORDS INCLUDE A SHEET NOT PICTURED","Part 1 (Looking for a role model...) matches the photo. Parts 2 (Another monday morning...) and 3 (Dead Silence on the train...) are on no photo.","NOT FROM THIS SHEET","MIDAS TOUCH is not written anywhere on the pictured sheet. From the sheet it would be 'Looking for a role model'.","","SURE"
"G01_SONG_FULL_LYRICS_PAGE_01_OF_03_V10F_W0220__cards_11-20__READER_A.json","107","107","MATCHES","1:UPRIGHT 2:UPRIGHT","1=[107] Spiral-torn sheet with bubble title MISS YOU, KISS YOU, verses marked man/woman/together, many cross-outs || 2=[107] Turned copy is upright: song-structure map (verse M/F, chorus together, bridge) with a bubble of lines I long to have you...","MATCH","Typed words cover photo 1 (a clean reading, then a literal reading) and the structure notes and bubble lines on photo 2.","OK","MISS YOU, KISS YOU is the title on both sheets.","Summary is wrong for these photos: it says 'tiny torn spiral strip with Pandora's Box written at top, HARD DATE 4/5/11', but both photos show full-size spiral-torn sheets titled MISS YOU, KISS YOU, with no Pandora's Box and no date visible.","SURE"
"G01_SONG_FULL_LYRICS_PAGE_01_OF_03_V10F_W0220__cards_11-20__READER_A.json","126","126","MATCHES","1:UPRIGHT","1=[126] Spiral-torn sheet, top half black marker, bottom half green ink, circled green margin notes running up the left side","SMALL DIFFERENCES","Main text and margin notes match, but the typed text drops the line 'Slowly my wheat fields are turning to hay'. Typed notes place the margin writing at bottom/bottom-right; on the photo it runs up the left margin.","OK","Start of the first line (I've been plowing these same fields).","Summary says 'blue ink' but the writing is black and green.","FAIRLY SURE"
"G01_SONG_FULL_LYRICS_PAGE_01_OF_03_V10F_W0220__cards_11-20__READER_A.json","146","146","MATCHES","1:UPRIGHT","1=[146] One full spiral-torn notebook sheet titled YOUR NAME, 16 lines","MATCH","All lines match.","OK","YOUR NAME is the title written on the sheet.","Summary is wrong for this photo: it says '6+ torn spiral strips laid out on a surface... shots 435-438', but the photo shows one full sheet, not strips.","SURE"
"G01_SONG_FULL_LYRICS_PAGE_01_OF_03_V10F_W0220__cards_21-30__READER_A.json","152","152","MATCHES","1:UPRIGHT 2:UPRIGHT","1=[152] PRISON GUARD ANTHEM sheet, loose-leaf with torn spiral edge || 2=[152] Escape From Alcatraz sheet, 3-hole punched loose-leaf","TYPED WORDS INCLUDE A SHEET NOT PICTURED","Prison Guard Anthem and Escape From Alcatraz match the photos. After them the typed words add ON ANOTHER PLANE ('Sit on my steps stare at a plane in the sky...'), 'John's hitting the crack pipe...' and 'I lay on the ground and I feel death's cold eyes...' - none of these is on either photo.","OK","Both titles are written on the two pictured sheets.","Summary is an internal note a buyer would read: 'SUBSTRATE MISMATCH - two different paper stocks, two titles, same number. Flag for Tom.' Also the page's 'Where it lives' line says SONG LIST 5 TRACK 2 WORTH THE WAIT, which fits item 196, not this sheet.","SURE"
"G01_SONG_FULL_LYRICS_PAGE_01_OF_03_V10F_W0220__cards_21-30__READER_A.json","153","153","MATCHES","1:UPRIGHT","1=[153] Yellowed spiral-notebook page, 'I wake up I can't see my face'","MATCH","Typed words follow the sheet line for line.","OK","First line of the sheet.","","SURE"
"G01_SONG_FULL_LYRICS_PAGE_01_OF_03_V10F_W0220__cards_21-30__READER_A.json","168","168","MATCHES","1:UPRIGHT","1=[168] 3-hole lined sheet, 'The coming of fall' with bubble-letter title","TYPED WORDS INCLUDE A SHEET NOT PICTURED","The Coming of Fall matches the photo. The typed words then add three more pieces not on the photo: 'We know the search is never easy...', 'We've both seen the worst that can happen...' and 'Blank Page so I must fill it...'.","OK","Title written on the sheet.","","SURE"
"G01_SONG_FULL_LYRICS_PAGE_01_OF_03_V10F_W0220__cards_21-30__READER_A.json","181","181","MATCHES","1:UPRIGHT","1=[181] Lined sheet torn from spiral, blue ink, 'I used to be really rockin''","SMALL DIFFERENCES","Typed words skip the sheet's 6th line '[?] down the avenue I'm strolling' (after 'So now I'm back out lookin''). Rest matches.","OK","First line of the sheet.","Summary says the page has a hand-drawn box with two stick figures ('LOVE xxx ooo', 'family forever') and a bulleted idea list upper left - none of that is on the photo; the photo is lyrics only.","SURE"
"G01_SONG_FULL_LYRICS_PAGE_01_OF_03_V10F_W0220__cards_21-30__READER_A.json","185","185","MATCHES","1:UPRIGHT 2:UPRIGHT 3:UPRIGHT 4:UPRIGHT 5:UPRIGHT 6:UPRIGHT 7:UPRIGHT 8:UPRIGHT","1=[185] Loose-leaf sheet, 'Staring up at the courthouse' (different poem from the title) || 2=[185] Turned copy: loose-leaf sheet, 'I don't remember the color of her eyes' - reads upright || 3=[185] Clean copy titled 'One's loss, Another's gain' || 4=[185] Draft sheet: 'When the angels tried to follow', Pico Duarte, rhyme words || 5=[185] Spiral draft: 'East of San Juan / West of Santo Domingo' || 6=[185] Spiral draft: 'It's been said that when the waves begin crashing', 52 lines note || 7=[185] Spiral draft: 'The Dominican Republic / A young mother gave birth' || 8=[185] Draft marked C3: 'She was born in the Dominican Republic'","TYPED WORDS INCLUDE A SHEET NOT PICTURED","Typed: Staring up at the courthouse (photo 1, ok), 'Three thirty four...' (no photo), 'Second rate, Second best...' (no photo), I don't remember the color of her eyes (photo 2, ok), 'I change the world...' (no photo), then the One's loss clean copy (photo 3, ok). The five working drafts (photos 4-8) are not typed.","OK","Title of the clean copy in photo 3.","Summary says 6 sheets (1 clean + 5 drafts) but the card has 8 photos; photos 1 and 2 are two other poems on 185 blocks that the summary does not mention.","FAIRLY SURE"
"G01_SONG_FULL_LYRICS_PAGE_01_OF_03_V10F_W0220__cards_21-30__READER_A.json","186","186","MATCHES","1:UPRIGHT 2:UPRIGHT","1=[186] Page 1 of 'THE END OF THE ROAD', lined 3-hole sheet || 2=[186] Page 2 of THE END OF THE ROAD; 'ADD MORE' in left margin, page 1 flipped over top left","MATCH","Both pages match. The end of the typed words carries transcriber notes ('The paper also has the following text in the bottom left corner...', 'DD / ORE') - 'DD ORE' is 'ADD MORE' cut off in the left margin of photo 2, not bottom right.","OK","Title written on the sheet.","Transcriber commentary lines are inside the typed words a buyer reads.","SURE"
"G01_SONG_FULL_LYRICS_PAGE_01_OF_03_V10F_W0220__cards_21-30__READER_A.json","196","196","MATCHES","1:UPRIGHT","1=[196] Lined sheet torn from spiral, cursive, 'They say that absence makes the heart grow fonder', no title","SMALL DIFFERENCES","Sheet reads 'I've learned from mistakes / That I've made in the past'; typed has 'That I've learned from mistakes' and drops 'That I've made in the past'. Rest matches.","NOT FROM THIS SHEET","'Tomorrow is the Day' is nowhere on the sheet. Sheet has no title; first line is 'They say that absence makes the heart grow fonder' (hook 'Honey, you were well worth the wait'; album song WORTH THE WAIT).","Summary says 'hand-drawn SUN ILLUSTRATION beside title' - the photo has no title and no sun drawing.","SURE"
"G01_SONG_FULL_LYRICS_PAGE_01_OF_03_V10F_W0220__cards_21-30__READER_A.json","204","204","MATCHES","1:UPRIGHT 2:UPRIGHT 3:UPRIGHT","1=[204] Both pages of 'Tonight's Moonlight' laid top and bottom in one shot || 2=[204] Page 1 of Tonight's Moonlight, syllable counts in margin || 3=[204] Page 2 of Tonight's Moonlight ('The sun could sleep for seven years')","TYPED WORDS INCLUDE A SHEET NOT PICTURED","The two pages are typed twice (once from photo 1, again from photos 2-3). After them the typed words add a rhyme list ('fantasy divorcee disagree...') and a verse 'Caught up in the rat race of time...' that are on no photo.","OK","Title written on the sheet.","Summary says '16 numbered stanzas' - the numbers are syllable counts; there are not 16 numbered stanzas.","SURE"
"G01_SONG_FULL_LYRICS_PAGE_01_OF_03_V10F_W0220__cards_21-30__READER_A.json","210","210","MATCHES","1:UPRIGHT","1=[210] Lined sheet torn from spiral, 'FIGHT FOR PEACE' outlined title","MATCH","Typed words follow the sheet, crossed-out bits marked.","OK","Title written on the sheet.","Summary says graphite pencil; the writing looks like dark ink (not certain).","SURE"
"G01_SONG_FULL_LYRICS_PAGE_01_OF_03_V10F_W0220__cards_21-30__READER_A.json","211","211","MATCHES","1:UPRIGHT","1=[211] Lined sheet torn from spiral, 'IT'S YOUR TURN' with circled stanza numbers","MATCH","Typed words follow the sheet, stanza numbers and crossed-out lines marked.","OK","Title written on the sheet.","","SURE"
"G01_SONG_FULL_LYRICS_PAGE_02_OF_03_V10F_W0220__cards_01-10__READER_A.json","221","221","MATCHES","1:UPRIGHT","1=[221] White lined sheet, untitled lyric starting 'Huh, money's nothing / but a sin to be born', ending 'our castle is made of sand'.","TYPED WORDS INCLUDE A SHEET NOT PICTURED","Section 1 (Huh, money's nothing ... castle is made of sand) matches the photo. Sections 2 ('Just what is wrong with me? ...') and 3 ('A B C D E F G ... When you look at me and think to yourself that I should act my age') are on no photo of this card.","NOT FROM THIS SHEET","'THE LIGHT OR THE WHITE' is the title of item 223's yellow sheet. This sheet has no title; use first line 'Huh, money's nothing' (or hook 'Our castle is made of sand').","Name borrowed from item 223.","SURE"
"G01_SONG_FULL_LYRICS_PAGE_02_OF_03_V10F_W0220__cards_01-10__READER_A.json","223","223","MATCHES","1:UPRIGHT","1=[223] Yellow legal pad sheet titled 'THE LIGHT OR THE WHITE', one verse in ink.","SMALL DIFFERENCES","Typed words skip the line 'The white or the light' (between 'Either lead the pack or follow behind' and 'Its the fight of your life'). Rest matches.","OK","Title written at top of sheet.","","SURE"
"G01_SONG_FULL_LYRICS_PAGE_02_OF_03_V10F_W0220__cards_01-10__READER_A.json","230","230","MATCHES","1:UPRIGHT","1=[230] Lined notebook sheet, 'Orange is the color of the trees', three stanzas with some lines struck, 'In the warmth of her eyes' at bottom.","TYPED WORDS INCLUDE A SHEET NOT PICTURED","Section 1 (Orange is the color of the trees ...) matches. Sections 'SEXUAL INTELLECTUAL' and 'Before Class Entry 3/27 MAJOR BLUES...' are on no photo of this card.","OK","First line of the sheet.","Summary says pencil writing; the sheet is written in pen/ink.","SURE"
"G01_SONG_FULL_LYRICS_PAGE_02_OF_03_V10F_W0220__cards_01-10__READER_A.json","237","237","MATCHES","1:UPRIGHT","1=[237] White sheet of handwritten song production notes in pencil, blue and orange ink (Piano, Strings, 'do do do', timings 1:20, 2:30, 3:20, 3:50, 'it's just so sad I'll never see you around').","SMALL DIFFERENCES","Notes match the sheet, but the typed words begin with the block digits '[2] [3] [7]' as if they were writing on the sheet.","NOT FROM THIS SHEET","'ANY GIVEN DAY' is not written anywhere on this sheet. Sheet's own words: 'Piano - do do, do do' or 'It's just so sad I'll never see you around'. (Same sheet lies beside the Blessing in Disguise package in item 238's photos, so these may be notes for that song.)","Summary is wrong: says 'a printed poem' with number cards 'to the left'; it is handwritten production notes with the blocks above. Item type 'FULL LYRICS' does not fit a notes sheet.","FAIRLY SURE"
"G01_SONG_FULL_LYRICS_PAGE_02_OF_03_V10F_W0220__cards_01-10__READER_A.json","238","238","DIFFERENT NUMBER","1:SIDEWAYS 2:UPRIGHT 3:UPRIGHT 4:UPRIGHT 5:UPRIGHT 6:UPRIGHT 7:UPRIGHT 8:UPRIGHT 9:UPRIGHT 10:UPRIGHT 11:UPRIGHT","1=[238 (column at right edge, reads 238 once turned) plus loose spare digit squares at bottom right] Wide overview of the whole Blessing in Disguise package laid out on a bed. This turned copy is STILL SIDEWAYS: all writing runs down the screen; needs a quarter turn to the left. || 2=[238] Typed colored BLESSING IN DISGUISE sheet with handwritten margin lines and 'Phongy @ telus.net'. || 3=[NONE] Handwritten syllable worksheet (1): 'facing the unknown', 'can show you things that weren't shown', 'some times you must wear a blind fold', 'before you can tell how much you've grown'. || 4=[NONE] Typed page with writer's notes and two 'deleted stanza for length/weakness' stanzas. || 5=[NONE] Typed page 'Allowing you to gaze up at brighter skies' with handwritten lines at right. || 6=[NONE] Handwritten syllable worksheet (2): 'why can no one be owned', 'beneath your breath you moan', 'perhaps your reaction was overblown'. || 7=[NONE (loose spare digit squares at right edge, not a number)] Handwritten note 'Blessing in disguise... Duet - male & female', blue ink with drawn arrows. || 8=[NONE (one partial square at bottom right)] Handwritten chorus worksheet 'Soaked to the bone / As you're on your way home' with rhyme list. This turned copy reads the right way up. || 9=[238] Same typed BLESSING IN DISGUISE center sheet, second shot. || 10=[240] WRONG PIECE: both pages of TALKING 'BOUT (item 240). || 11=[240] WRONG PIECE: page 1 of TALKING 'BOUT (item 240), 'Stadiums full of screaming teens'.","SHEET WORDS NOT TYPED","Center sheet and photo 4 text are typed. Photo 3 worksheet is typed only as its margin words 'unknown / grown'; its lines (blind fold, how much you've grown, rhyme list) are missing. Typed text is cut at 1800 chars so photos 5-8 could not be fully checked.","OK","Title typed on the center sheet.","Photos 10 and 11 carry blocks 240 - they are item 240's TALKING 'BOUT pages and should come off this card and go to 240. Photo 1 'upright' replacement is still sideways.","FAIRLY SURE"
"G01_SONG_FULL_LYRICS_PAGE_02_OF_03_V10F_W0220__cards_01-10__READER_A.json","240","240","MATCHES","1:UPRIGHT","1=[240] Page 2 of TALKING 'BOUT: typed 'Not to rebel so you just gave in / Talking 'bout...' with many green handwritten lines.","SHEET WORDS NOT TYPED","The green handwritten lines on the pictured page ('Stopping traffic without crossing the street', 'Seeing smiling faces on everyone you meet', 'Your find yourself in a fast car with an even faster girl ... Both your face and name', 'A crisp hundred dollar bill in the hands of the door man') are not typed; only the struck typed lines are. The typed page-1 section (Stadiums full of screaming teens ...) is not pictured on this card - its photos sit on card 238.","OK","Title on the sheet.","Page 1 photos of this piece (blocks 240) are on card 238 (its photos 10 and 11); they belong here. Summary 'single sheet with circled and listed numbers' undersells it: typed lyric page with green handwritten lyrics.","FAIRLY SURE"
"G01_SONG_FULL_LYRICS_PAGE_02_OF_03_V10F_W0220__cards_01-10__READER_A.json","266","266","MATCHES","1:UPRIGHT","1=[266] Lined notebook sheet titled 'Fallen clouds', one verse in ink.","MATCH","","OK","Title on the sheet.","","SURE"
"G01_SONG_FULL_LYRICS_PAGE_02_OF_03_V10F_W0220__cards_01-10__READER_A.json","270","270","MATCHES","1:UPRIGHT","1=[270] Two overlapping lined sheets in ink: 'I got a postcard from you a day before yesterday...' and 'Unfadable... / Tracable... / Unavoidable...'.","SMALL DIFFERENCES","'a day before' is typed as its own first line, but on the sheet it is an insert into line 1 ('I got a postcard from you a day before yesterday'). Otherwise matches.","JUNK NAME","'a day before' is only a small insert written above 'yesterday', not a title. Better: 'I got a postcard from you' (first line).","Summary says 'a blank sheet'; both sheets are lined.","FAIRLY SURE"
"G01_SONG_FULL_LYRICS_PAGE_02_OF_03_V10F_W0220__cards_01-10__READER_A.json","327","327","MATCHES","1:UPRIGHT","1=[327] Lined notebook sheet, alphabet rhyme strip at top, lyric 'You drown all of your sadness ... beds of gold for beds of straw', blue ink.","MATCH","","JUNK NAME","The alphabet strip at the top is a rhyming aid, not a title. Use first line 'You drown all of your sadness' (or hook 'Where losers win and winners draw').","","SURE"
"G01_SONG_FULL_LYRICS_PAGE_02_OF_03_V10F_W0220__cards_01-10__READER_A.json","332","332","MATCHES","1:UPRIGHT","1=[332] Lined sheet titled 'SINK OR SWIM', one long verse in black ink.","MATCH","","OK","Title on the sheet.","","SURE"
"G01_SONG_FULL_LYRICS_PAGE_02_OF_03_V10F_W0220__cards_11-20__READER_A.json","335","335","MATCHES","1:UPRIGHT","1=[3-3-5 in a row = 335] Yellow legal pad sheet, pencil, 'I live in a world where there are no fist fights' full lyric.","MATCH","Typed words match the sheet line for line.","OK","First line of the sheet.","Summary says 'white paper' - the sheet is yellow legal paper. Minor.","SURE"
"G01_SONG_FULL_LYRICS_PAGE_02_OF_03_V10F_W0220__cards_11-20__READER_A.json","364","364","MATCHES","1:UPRIGHT","1=[3-6-4 in a row = 364] White loose-leaf sheet, black ink, 'When its time to sink or swim its already too late' lyric.","MATCH","Typed words match the sheet.","OK","First line of the sheet.","","SURE"
"G01_SONG_FULL_LYRICS_PAGE_02_OF_03_V10F_W0220__cards_11-20__READER_A.json","372","372","MATCHES","1:UPRIGHT 2:UPRIGHT","1=[3-7-2 in a row = 372] Stained loose-leaf sheet, front: 'The time is getting late / Your lifetime is passing' lyric. || 2=[3-7-2 in a row = 372] Back of the same sheet: school history notes (Boston Massacre, Boston Tea Party, Intolerable Acts).","MATCH","Both sides typed and they match the photos. But the typed text has reader tool junk in the middle: '[read/page 2 - shot 974] TITLE : [NONE] PAPER : notebook LINES : 16 TEXT :'.","NOT FROM THIS SHEET","'SCENE 1' is not written on either side. Should be 'The time is getting late' (first line).","Typed words show reader header junk ('[read/page 2 - shot 974] TITLE : [NONE] PAPER : notebook LINES : 16 TEXT :') a buyer would see. Back side is history class notes, not lyrics.","SURE"
"G01_SONG_FULL_LYRICS_PAGE_02_OF_03_V10F_W0220__cards_11-20__READER_A.json","375","375","MATCHES","1:UPRIGHT","1=[3-7-5 in a row = 375] Loose-leaf sheet, blue ink, 'I heard your voice again' full lyric with 'But' and 'to' in the left margin.","MATCH","Typed words match the sheet, margin words included.","OK","First line of the sheet.","Summary is wrong: says '3 columns of rhyme-ending words, organized by sound family' and 'black ink' - the photo is a plain lyric sheet in blue ink.","SURE"
"G01_SONG_FULL_LYRICS_PAGE_02_OF_03_V10F_W0220__cards_11-20__READER_A.json","378","378","MATCHES","1:UPRIGHT","1=[3-7-8 in a row = 378] Loose-leaf sheet with alphabet line at top, 'I don't read the paper, hell I don't even watch the news' lyric.","MATCH","Typed words match the sheet, alphabet line included. Only small misreads.","OK","Opening words of the first lyric line.","Summary says 'torn sheet' - the sheet is not torn, only a folded corner. Minor.","SURE"
"G01_SONG_FULL_LYRICS_PAGE_02_OF_03_V10F_W0220__cards_11-20__READER_A.json","384","384","MATCHES","1:UPRIGHT","1=[3-8-4 in a row = 384] Loose-leaf sheet, 'When the Angels tried to follow' lyric (Pico Duarte).","MATCH","Typed words match the sheet, strike-outs noted.","OK","First line of the sheet.","","SURE"
"G01_SONG_FULL_LYRICS_PAGE_02_OF_03_V10F_W0220__cards_11-20__READER_A.json","387","387","MATCHES","1:UPRIGHT","1=[3-8-7 in a row = 387] Spiral-torn notebook sheet, 'A passing daydream floated by' - one 11-line verse only, rest of page blank.","TYPED WORDS INCLUDE A SHEET NOT PICTURED","Only the first part ('A passing daydream floated by' ... 'Only a few would ever dare') is on the photo. The second part ('I'm getting angry / Unhappy ...') and third part ('[?] use trickery ...' to 'break') are on no photo of this card.","OK","First line of the sheet.","Two of the three typed sections have no photo - either the other side/pages were not photographed or those words belong to another piece.","SURE"
"G01_SONG_FULL_LYRICS_PAGE_02_OF_03_V10F_W0220__cards_11-20__READER_A.json","398","398","MATCHES","1:UPRIGHT","1=[3-9-8 in a row = 398] Spiral-torn notebook sheet, blue ink, 'Should I go to San Francisco' - one verse ending 'I lock it away until I'm alone', rest of page blank.","TYPED WORDS INCLUDE A SHEET NOT PICTURED","Only the first section ('Should I go to San Francisco' ... 'I lock it away until I'm alone') is on the photo. The sections 'How long have you been sleeping?', 'Well I've been learning about myself', 'I've looked up and down', and 'A girl who was quite dear to me' are on no photo of this card.","OK","First line of the sheet.","Four of the five typed sections have no photo on this card.","SURE"
"G01_SONG_FULL_LYRICS_PAGE_02_OF_03_V10F_W0220__cards_11-20__READER_A.json","413","413","MATCHES","1:UPRIGHT 2:UPRIGHT 3:UPRIGHT 4:UPRIGHT","1=[4-1-3 in a row = 413] Overview: three torn notepad pieces laid in a column - 'TWO SEASONS' title piece, 'Ah, now I see the clouds' piece, 'adrift on the sea all alone' piece (bottom cut off). || 2=[4-1-3 in a row = 413] Close-up of piece 1: 'TWO SEASONS' title and 'I see black clouds rolling in' verse. || 3=[4-1-3 in a row = 413] Turned copy, now upright. Close-up of piece 2: 'Ah, now I see the clouds / Are blowing away' ... 'I can feel my heart torn'. || 4=[4-1-3 in a row = 413] Turned copy, now upright. Close-up of piece 3: 'adrift on the sea all alone' ... 'Try to forget all I've said'.","MATCH","Typed words match the three pieces. But the typing repeats itself: all three pieces typed once from the overview photo, then typed again after '---' from the close-ups, so a buyer sees the song twice.","OK","Title written on the sheet: TWO SEASONS.","Typed words are doubled (same pieces typed twice). Summary 'loose sheet' undersells it - it is three torn notepad pieces. Both turned photos (3 and 4) are the right way up.","SURE"
"G01_SONG_FULL_LYRICS_PAGE_02_OF_03_V10F_W0220__cards_11-20__READER_A.json","416","416","MATCHES","1:UPRIGHT","1=[4-1-6 in a row = 416] Loose-leaf sheet titled 'Here & Now' in script, 'The time is getting late' full lyric.","MATCH","Typed words match the sheet (struck line 'Those who have been poorly directed' typed as a normal line - small).","OK","Title written on the sheet: Here & Now.","Summary is wrong: says '4 simultaneous draft versions written during the 2003 Northeast Blackout; P. Diddy named, VFW named, Bush named' - the photo shows one sheet, one version, and none of those names.","SURE"
"G01_SONG_FULL_LYRICS_PAGE_02_OF_03_V10F_W0220__cards_21-30__READER_A.json","438","438","MATCHES","1:UPRIGHT","1=[438] Lined sheet titled The Healing Song, blue ink, verses bracketed 1-3","MATCH","Typed words match the sheet (small misreads only, e.g. 'Into who I now am').","OK","Title written at top: The Healing Song.","","SURE"
"G01_SONG_FULL_LYRICS_PAGE_02_OF_03_V10F_W0220__cards_21-30__READER_A.json","448","448","MATCHES","1:UPRIGHT","1=[448] Lined sheet, black ink, starts 'Can you feel a dark entity'","MATCH","Typed words match the sheet.","OK","First line of the sheet.","Summary says the number squares are on the left side; they are across the top. Minor.","SURE"
"G01_SONG_FULL_LYRICS_PAGE_02_OF_03_V10F_W0220__cards_21-30__READER_A.json","501","501","DIFFERENT NUMBER","1:UPRIGHT 2:UPRIGHT 3:UPRIGHT 4:UPRIGHT 5:UPRIGHT 6:UPRIGHT","1=[501] Lined sheet: G Studios / met Sarah R note, verses 1-3 'Tired of putting work in', Refrain, start of Bridge || 2=[NONE] Bridge end on first sheet plus second lined sheet with verses 4-8 'I've been holding on...' || 3=[NONE] Printed (typed, not handwritten) page 'STUPID GOD FREAKS' in two columns || 4=[501] Handwritten lines on back of a printout: 'Napalm smells like victory...' || 5=[501] Closer shot of the same 'Napalm smells like victory' sheet (turned copy is upright) || 6=[502] Two lined sheets titled TWO SEASONS - a different item (502)","SHEET WORDS NOT TYPED","Photo 1 verses 1-3 and the Refrain ('Tired of putting work in... One face hides the pain and lies') are missing - typed words go from '[Main text]' straight to '---'. The 'Napalm smells like victory' sheet (photos 4-5) is not in the typed words shown (may be past the 1800-char cut). Bridge, verses 4-8 and the printed Stupid God Freaks text are typed.","OK","First line of verse 1 on photo 1.","Photo 6 shows blocks 502 (TWO SEASONS) - belongs to item 502, not 501. Photo 3 is a printed typed page, not handwriting. Summary says one sheet of white printer paper; photos show lined sheets, a printout and a sheet written on the back of a printout.","SURE"
"G01_SONG_FULL_LYRICS_PAGE_02_OF_03_V10F_W0220__cards_21-30__READER_A.json","504","504","MATCHES","1:UPRIGHT 2:UPRIGHT 3:UPRIGHT 4:UPRIGHT","1=[504] Lined sheet 'When I got outta line it seems I lost my place' || 2=[NONE] Printed SPOKEN WORD POETRY flyer with Tom Jensen photo and list of 60 titles || 3=[NONE] Sheet of printed Tom Jensen business cards (READTOM.COM), Gallup page edge at bottom || 4=[NONE] Printed Gallup 'Confidence in Institutions' table","MATCH","Handwritten sheet typed correctly; printed flyer list also typed. Business cards and Gallup page are printed matter, not in the visible typed words (text is cut at 1800 chars).","OK","First line of the sheet (shortened).","Photos 2-4 are printed matter (flyer, business cards, Gallup poll page) with no blocks; not clear they are part of piece 504 - check.","FAIRLY SURE"
"G01_SONG_FULL_LYRICS_PAGE_02_OF_03_V10F_W0220__cards_21-30__READER_A.json","505","505","MATCHES","1:UPRIGHT 2:UPRIGHT","1=[505] Lined sheet titled '* BAG IN 4A *' (Bag In Ya) || 2=[505] Lined sheet titled GLOBAL WARMING, 'The moving van is coming...' (turned copy is upright)","SHEET WORDS NOT TYPED","Photo 2 GLOBAL WARMING sheet ('The moving van is coming... they both seem to do the trick') is not in the typed words. Photo 1 words match.","OK","Title on sheet reads 'BAG IN 4A' (Bag In Ya).","","SURE"
"G01_SONG_FULL_LYRICS_PAGE_02_OF_03_V10F_W0220__cards_21-30__READER_A.json","508","508","MATCHES","1:UPRIGHT","1=[508] Lined sheet 'Everybody dances for money / I dance for free', 12 lines","TYPED WORDS INCLUDE A SHEET NOT PICTURED","First 12 lines match photo 1. Everything after the first '---' (the Jimmy Buffet / Margaritaville / Jose Cuervo sheets, 'fat girl express') is on no photo of this card.","OK","First line of the sheet.","Summary is wrong: it describes a torn cardboard freezer bag box with salmon; the photo shows a lined notebook sheet.","SURE"
"G01_SONG_FULL_LYRICS_PAGE_02_OF_03_V10F_W0220__cards_21-30__READER_A.json","511","511","MATCHES","1:UPRIGHT 2:UPRIGHT","1=[511] Top of lined sheet 'I've never treaded water' || 2=[511] Lower part of the same sheet to 'We'd make room for more', blocks at bottom","MATCH","Typed words match the sheet.","OK","First line of the sheet.","Summary says green ink and squares on left margin; ink looks black and squares are at top/bottom. Minor.","SURE"
"G01_SONG_FULL_LYRICS_PAGE_02_OF_03_V10F_W0220__cards_21-30__READER_A.json","523","523","DIFFERENT NUMBER","1:UPRIGHT 2:UPRIGHT 3:UPRIGHT 4:UPRIGHT 5:UPRIGHT","1=[523] Lined sheet titled BRAVEHEART (bubble letters) || 2=[523] Lined sheet, 5 lines 'I'm trending but for all the wrong reasons' (turned copy is upright) || 3=[255] Three sheets: 'She woke up this morning' (LAST), 'I said you've got to hold on', 'The path through life' - item 255 || 4=[255] Close-up of 'She woke up this morning' sheet with LAST - item 255 || 5=[NONE] Scrap on a printout: 'Follow this pattern / You know you lover her...' (As You Like It questions printed through)","SHEET WORDS NOT TYPED","Typed words match photos 1-2 (I'm trending + Braveheart). Photos 3-4 ('She woke up this morning' sheets) and photo 5 ('You know you lover her') are not typed.","OK","Title written on sheet: BRAVEHEART.","Photos 3 and 4 show blocks 255 - they belong to item 255, not 523. Photo 5 has no blocks and its sheet is unrelated to Braveheart - check which number it belongs to. The 'I'm trending' sheet in photo 2 (blocks 523) also appears in item 524 photo 1 (blocks 524) - one sheet shown under two numbers.","SURE"
"G01_SONG_FULL_LYRICS_PAGE_02_OF_03_V10F_W0220__cards_21-30__READER_A.json","524","524","MATCHES","1:UPRIGHT 2:UPRIGHT","1=[524] Lined sheet 'I'm that diamond in the rough' with a second scrap below: 'I'm trending but for all the wrong reasons' || 2=[524] Lined sheet titled Not Easy Finding (bubble letters)","MATCH","Typed words match both photos (diamond sheet, I'm trending scrap, Not Easy Finding).","OK","First line of the sheet.","The 'I'm trending' scrap in photo 1 is the same sheet shown with blocks 523 on item 523 photo 2 - one sheet under two numbers; needs deciding which number owns it. Summary says a single sheet; photos show three pieces. Minor.","FAIRLY SURE"
"G01_SONG_FULL_LYRICS_PAGE_02_OF_03_V10F_W0220__cards_21-30__READER_A.json","551","551","MATCHES","1:UPRIGHT","1=[551] Lined spiral-torn sheet, blue ink, 'Such a crying shame'","TYPED WORDS INCLUDE A SHEET NOT PICTURED","First part matches the photo. 'MY EASTERN LOVE' (everything after '---') is on no photo of this card.","OK","First line of the sheet.","","SURE"
"G01_SONG_FULL_LYRICS_PAGE_03_OF_03_V10F_W0220__cards_01-10__READER_A.json","552","552","MATCHES","1:UPRIGHT 2:SIDEWAYS","1=[552] Handwritten MY EASTERN LOVE on 3-hole lined paper, blocks 5-5-2 above. || 2=[NONE] Same MY EASTERN LOVE sheet, no blocks, writing runs up the screen (needs a quarter turn clockwise).","MATCH","Typed words match the sheet.","OK","Title on sheet: MY EASTERN LOVE.","Photo 2 is shown sideways on the website.","SURE"
"G01_SONG_FULL_LYRICS_PAGE_03_OF_03_V10F_W0220__cards_01-10__READER_A.json","554","554","MATCHES","1:UPRIGHT 2:UPRIGHT","1=[554] Handwritten poem starting 'I change the world / One person at a time' on unlined white paper. || 2=[554] Printed (typed) verses 'For everybody to wave a flag... Small acts of hatred...' - the other side of the sheet, handwriting showing through.","WORDS FROM ANOTHER SHEET","Typed words are MY EASTERN LOVE (the sheet on item 552). The handwritten 'I change the world...' poem and the printed verses on photo 2 are not typed at all.","OK","First line of the handwritten sheet: I change the world.","Summary says lined notebook paper in blue ink; photo shows unlined white paper in dark ink. Printed side (photo 2) not mentioned.","SURE"
"G01_SONG_FULL_LYRICS_PAGE_03_OF_03_V10F_W0220__cards_01-10__READER_A.json","624","624","MATCHES","1:UPRIGHT 2:UPRIGHT","1=[624] Draft of 'Orange is the color of the trees' with rhyme-word lists, A/B/C scheme and 'Refrain' down the left. || 2=[624] Cleaner version, stanzas numbered 1-3, with -ees and -ise rhyme lists at the bottom.","MATCH","Typed words cover both sheets (draft then clean version with rhyme lists); cut for the check at the rhyme list.","OK","First line: Orange is the color of the trees.","","SURE"
"G01_SONG_FULL_LYRICS_PAGE_03_OF_03_V10F_W0220__cards_01-10__READER_A.json","625","625","MATCHES","1:UPRIGHT","1=[625] Handwritten 'I'm looking for something new' on lined legal-style paper, top third used.","TYPED WORDS INCLUDE A SHEET NOT PICTURED","First part matches the photo (small misses: 'disturbing' and 'swerving' left out). After the --- the typed words add the 'Orange is the color of the trees' clean version with rhyme lists (that sheet is on item 624, photo 2) and a 'When she calls you up you drop everything...' sheet; neither is on this card's photo.","OK","First line: I'm looking for something new.","","SURE"
"G01_SONG_FULL_LYRICS_PAGE_03_OF_03_V10F_W0220__cards_01-10__READER_A.json","626","626","MATCHES","1:UPRIGHT","1=[626] Handwritten 'Looking for a roll model', five 4-line stanzas, lined torn-edge paper.","MATCH","Typed words match the sheet.","OK","First line: Looking for a roll model.","Summary says pencil; writing looks like dark pen. Minor.","SURE"
"G01_SONG_FULL_LYRICS_PAGE_03_OF_03_V10F_W0220__cards_01-10__READER_A.json","667","667","MATCHES","1:UPRIGHT","1=[667] Blue-ink 'Well I've been learning about myself', 15 lines, lined torn-edge paper.","TYPED WORDS INCLUDE A SHEET NOT PICTURED","First part matches the photo. After the --- the 'Mother may she sleep in peace... Fly, Fly away raven... A wedding and a funeral' part is on no photo here.","OK","First line: Well I've been learning about myself.","","SURE"
"G01_SONG_FULL_LYRICS_PAGE_03_OF_03_V10F_W0220__cards_01-10__READER_A.json","732","732","MATCHES","1:UPRIGHT 2:UPRIGHT","1=[732] Printed page titled ANY GIVEN DAY, ending 'This day was coming'. || 2=[732] Printed page 2 starting 'The day of all days', ending 'For a great nation to finally unite'; handwriting shows through from the back.","TYPED WORDS INCLUDE A SHEET NOT PICTURED","The opening 'For you never can tell / When there's a storm at sea ... So you'll have to take our word' is on neither photo. The ANY GIVEN DAY and 'The day of all days' parts match.","OK","'The day of all days' is the first line of page 2; the printed title on page 1 is ANY GIVEN DAY, which may be the better name.","Both photos are printed pages; handwriting visible through the paper on photo 2 (back side not pictured).","FAIRLY SURE"
"G01_SONG_FULL_LYRICS_PAGE_03_OF_03_V10F_W0220__cards_01-10__READER_A.json","920","920","MATCHES","1:UPRIGHT","1=[920] Lined 3-hole sheet with only two lines: 'Here I am alone with my thoughts / Sitting, staring, watching the clock'. Rest blank.","WORDS FROM ANOTHER SHEET","Typed words ('It seems my life has just two seasons...') are not on the photo. The two lines on the photo are not typed.","OK","Matches the first line on the photo.","Summary says page numbered '2'; no page number visible and no second page pictured.","SURE"
"G01_SONG_FULL_LYRICS_PAGE_03_OF_03_V10F_W0220__cards_01-10__READER_A.json","1100","375","DIFFERENT NUMBER","1:UPRIGHT 2:UPRIGHT 3:UPRIGHT","1=[375] Both Kristin's Purpose pages laid together, blocks 3-7-5 at top (edge of another block cut off at right). || 2=[375] Page 1: bubble-letter title Kristin's Purpose, numbered stanzas 1-5. || 3=[375] Page 2 draft with Who/What/Where/Why/How box, 'Today I found an old poem...', 'Alone with my pen and dreams'.","MATCH","Typed words follow both pages.","OK","Title on sheet: Kristin's Purpose.","All three photos show blocks 3-7-5 (item 375), not 1100.","SURE"
"G01_SONG_FULL_LYRICS_PAGE_03_OF_03_V10F_W0220__cards_01-10__READER_A.json","1763","1763 (photo 11 shows 1764)","DIFFERENT NUMBER","1:SIDEWAYS 2:UPRIGHT 3:UPRIGHT 4:UPRIGHT 5:UPRIGHT 6:UPRIGHT 7:UPRIGHT 8:UPRIGHT 9:UPRIGHT 10:UPRIGHT 11:SIDEWAYS","1=[1763] Overview of the table with ~11 printed sheets (wilted rose, False Alarm, Maybe Someday, Another one hit wonder?, Downs Ands Ups, With Her I'll Make It, Ode to Jason, Politician Blues). This turned copy is WRONG: text runs down the screen. The original 20260823_173452.jpg is a wide landscape shot that is already correct. || 2=[1763] Printed UNTITLED poem with handwritten 'wilted rose' title, note about Edipus Rex, 'Poem 2 on next page'. || 3=[NONE] Printed 'Monkey' poem, 'Maids in the morning sweeping up broken glass'. || 4=[NONE] Printed MAYBE SOMEDAY. || 5=[NONE] Printed FALSE ALARM. || 6=[NONE] Printed 'Another one hit wonder?'. || 7=[NONE] Printed DOWNS ANDS UPS. || 8=[NONE] Printed WITH HER I'LL MAKE IT. || 9=[NONE] Printed ODE TO JASON (A FALLEN HERO), top of Politician Blues at bottom. || 10=[NONE] Printed Politician Blues, badly blurred, text unreadable. || 11=[1764] Overview of a DIFFERENT set of printed sheets with handwritten dates (9/28/12, 7/5/13, 7/18/2013, 8/14/2013...) and '(Previously unpublished)' notes: Hard Work, Hard to Hear, Living in a Jimmy Buffet Song, Point of Reference, etc. Blocks 1-7-6-4. This turned copy is also WRONG: text runs down the screen; the original 20260823_173827.jpg is a correct wide landscape shot.","MATCH","Visible typed words (cut at 1800 chars) match photo 2 (wilted rose / UNTITLED) and photo 3 (Monkey). 'FALSE AL' in the typed words is a stray fragment of the next sheet's edge. The rest (photos 4-10) is past the cut and could not be checked.","OK","Handwritten title on the first sheet: wilted rose.","Photo 11 shows blocks 1-7-6-4 (item 1764) - a different set of sheets. Photos 1 and 11 'UPRIGHT' replacement files are turned the wrong way: the originals are wide overview shots that already read correctly; the turned copies are sideways - do not swap them in. Photo 10 is badly blurred. Photo 1 also shows stray partial blocks at the right edge.","FAIRLY SURE"
"G01_SONG_FULL_LYRICS_PAGE_03_OF_03_V10F_W0220__cards_11-14__READER_A.json","1973","1973 (photo 1). Photo 2 has 4 drawn boxes that are BLANK - no digits visible. Photo 3 has no blocks.","MATCHES","1:UPRIGHT 2:SIDEWAYS 3:UPRIGHT","1=[1-9-7-3 in a row] Printed sheet THIS SLICE OF HEAVEN in a fancy (Papyrus-style) font, one page, full song. || 2=[4 blank boxes, no digits] Two cream sheets side by side, text running down the screen: top sheet is THIS SLICE OF HEAVEN in plain Arial font; bottom sheet is a different short poem in small italic script. The 'UPRIGHT' turned copy is still sideways. || 3=[none] Close-up of the Arial-font THIS SLICE OF HEAVEN sheet from photo 2 - a different printing from photo 1.","SHEET WORDS NOT TYPED","Typed words match photo 1 exactly. Photo 2 bottom sheet (italic poem) is not typed anywhere. Photo 3 sheet is a different printing with wording changes: 'No longer would you', 'then slow down the pace', 'Lay near the water', 'evolves to night', 'on another sight', 'heartbeat sound', 'There's no place I'd rather be'.","OK","Title printed on the sheet: THIS SLICE OF HEAVEN.","Photo 2 file named UPRIGHT is still SIDEWAYS - needs a quarter turn. Photos 2 and 3 come from the gems-2046-plus set, have blank number boxes and show a different printing of the song (plus a second poem sheet) - they look like a different physical piece than the 1973 sheet in photo 1. Check which number they belong to before they stay on 1973.","FAIRLY SURE"
"G01_SONG_FULL_LYRICS_PAGE_03_OF_03_V10F_W0220__cards_11-14__READER_A.json","1974","1974","MATCHES","1:UPRIGHT","1=[1-9-7-4 in a row] One printed white sheet, DEAD END, full song, centered text.","MATCH","Typed words match the printed sheet line for line (sheet has typo 'you'ld' in second chorus, not an issue).","OK","Title printed on sheet: DEAD END.","","SURE"
"G01_SONG_FULL_LYRICS_PAGE_03_OF_03_V10F_W0220__cards_11-14__READER_A.json","1975","1975","MATCHES","1:UPRIGHT 2:UPRIGHT","1=[1-9-7-5 in a row] Printed page 1 of ALISON'S AIRPLANE, from title to 'But she told me I couldn't see it'. || 2=[1-9-7-5 in a row] Page 2 of the same song (page 1 folded back), last four lines 'She said if you want to go for a ride...Heaven sent'.","SMALL DIFFERENCES","Line order slip: typed puts 'From which you came' after 'Use your better judgment if you want to'; on the sheet it follows 'If you choose to walk back down the road', and 'Don't point your finger at me / That finger of blame' is its own verse. Everything else matches, both pages.","OK","Title printed on sheet: ALISON'S AIRPLANE.","","SURE"
"G01_SONG_FULL_LYRICS_PAGE_03_OF_03_V10F_W0220__cards_11-14__READER_A.json","1978","1978","MATCHES","1:UPRIGHT 2:UPRIGHT","1=[1-9-7-8 in a row] Printed page 1 of MAYBE SOMEDAY, title underlined, to 'you ain't gonna feel any better'. || 2=[1-9-7-8 in a row] Page 2 of MAYBE SOMEDAY (page 1 folded back), from 'Hopefully it'll be sunny' to 'Maybe someday.....it's just not today'. Slight tilt, reads fine.","MATCH","Typed words match page 1 line for line as far as shown. Typed text is cut at 1800 chars, so page 2 lines could not be checked against the typing here.","OK","Title printed on sheet: MAYBE SOMEDAY.","","SURE"
"G02_SONG_HALF_OR_SHORTER_LYRICS_THAT_BECAME_A_SONG_PAGE_01_OF_02_V10F_W0220__cards_01-10__READER_A.json","39","039","MATCHES","1:UPRIGHT","1=[0-3-9 in a row = 039] Water-stained loose-leaf sheet with one 7-line stanza: 'A child cloned by her environment ... Difficulties still we cry for more.' Rest of sheet blank.","TYPED WORDS INCLUDE A SHEET NOT PICTURED","First stanza ('A child cloned by her environment' to 'Difficulties still we cry for more') matches the photo. Everything after it is on no photo here: the 'Thoughts on life... See-Saw' poem and 'I just got off the phone with a girl, she still loves me...' section.","NOT FROM THIS SHEET","'SHE' is not written on the sheet. Should be the first line: 'A child cloned by her environment'.","Summary says teal/blue ink; ink in photo looks dark blue-grey/black, not clearly teal. Minor.","SURE"
"G02_SONG_HALF_OR_SHORTER_LYRICS_THAT_BECAME_A_SONG_PAGE_01_OF_02_V10F_W0220__cards_01-10__READER_A.json","52","052","MATCHES","1:UPRIGHT","1=[0-5-2 in a row = 052] Hole-punched notebook sheet, full song 'The sun is rising / The birds are chirping ... Happiness lies on the other side of this door', about 20 lines.","SHEET WORDS NOT TYPED","Typed words are a cut-down excerpt with a /// gap. About 11 lines on photo 1 are not typed: 'Where is my place? / Stare in these eyes / Look at this face / So many people out there / That I just blend in / No telling where it stops / Or where it all begins / We all continue our race / We all speed up the pace / Doing what we are told we must do' and 'fighting you'. What is typed matches.","OK","First line 'The sun is rising'.","Same opening lines as item 370 'SCENE 1' but a different sheet (different paper, different later lines) - not a problem, just noted.","SURE"
"G02_SONG_HALF_OR_SHORTER_LYRICS_THAT_BECAME_A_SONG_PAGE_01_OF_02_V10F_W0220__cards_01-10__READER_A.json","64","064","MATCHES","1:UPRIGHT","1=[0-6-4 in a row = 064] Full lined sheet, song 'How can you live with yourself? / Do you pretend to be someone else?' about 26 lines.","SHEET WORDS NOT TYPED","Typed words are a short 9-line excerpt with a /// gap. Most of photo 1 is not typed, e.g. 'Do you bury your conscience down below', 'You took my heart in your hands and tore it in two', 'How can you sleep after the things that you do?', 'Lying in bed your night gown covered with lace', 'I'll never know your face you hide / with every I love you another lie'. What is typed matches.","OK","First line / hook 'How can you live with yourself?'.","","SURE"
"G02_SONG_HALF_OR_SHORTER_LYRICS_THAT_BECAME_A_SONG_PAGE_01_OF_02_V10F_W0220__cards_01-10__READER_A.json","124","124","MATCHES","1:UPRIGHT","1=[1-2-4 in a row = 124] Clean lined sheet, one stanza: 'Today is the day I know that I will make it ... And learns from the masters what he's known all along' (Bob Dylan Jr pen-name lines).","TYPED WORDS INCLUDE A SHEET NOT PICTURED","First stanza 'Today is the day...' to 'all along' matches the photo. Everything after it is on no photo here: 'Just being here tonight...', 'MY EASTERN LOVE', 'GO ANYWHERE FROM HERE', 'Corona's at the beach with no women at my side...'.","NOT FROM THIS SHEET","'PEAKING THROUGH THE KEYHDE' is not on this sheet (and misspelled). Should be 'Today is the day I know that I will make it'.","Summary contradicts the photo: it describes torn/folded paper with 'In a free market economy / guns aren't sold... they're drawn' and a Racial/Gender/Religious/CLASS list. The photo is a clean lined sheet with the 'Today is the day' lyric - none of that is pictured.","SURE"
"G02_SONG_HALF_OR_SHORTER_LYRICS_THAT_BECAME_A_SONG_PAGE_01_OF_02_V10F_W0220__cards_01-10__READER_A.json","179","179","MATCHES","1:UPRIGHT","1=[1-7-9 in a row = 179] Torn-edge lined notebook sheet, 'Hey rich girl - Throw the keys to your Mercedes down to me ... they taught you was wrong'.","MATCH","Typed words match the sheet line for line.","OK","Hook/first words 'Hey rich girl'.","","SURE"
"G02_SONG_HALF_OR_SHORTER_LYRICS_THAT_BECAME_A_SONG_PAGE_01_OF_02_V10F_W0220__cards_01-10__READER_A.json","217","217","MATCHES","1:UPRIGHT","1=[2-1-7 in a row = 217] Wrinkled torn loose sheet, working draft 'Without you I'm just part of the whole' with Refrain bracket, A/B/C rhyme letters, cross-outs; a pen lies at the bottom edge.","MATCH","Typed words follow the sheet including margin marks and struck lines. Tiny: the circled 6 by 'Refrain' at top is not mentioned.","OK","First line 'Without you I'm just part of the whole'.","A pen sits in the bottom of the photo covering the corner - cosmetic only.","SURE"
"G02_SONG_HALF_OR_SHORTER_LYRICS_THAT_BECAME_A_SONG_PAGE_01_OF_02_V10F_W0220__cards_01-10__READER_A.json","345","345","MATCHES","1:UPRIGHT","1=[3-4-5 in a row = 345] Hole-punched loose-leaf sheet, 'You could be the one that makes my life worth living ... In a land where darkness will never cease'.","MATCH","Typed words match line for line ('inspiration' is struck on the sheet, typed plain - trivial).","OK","First line 'You could be the one that makes my life'.","","SURE"
"G02_SONG_HALF_OR_SHORTER_LYRICS_THAT_BECAME_A_SONG_PAGE_01_OF_02_V10F_W0220__cards_01-10__READER_A.json","368","368","MATCHES","1:UPRIGHT","1=[3-6-8 in a row = 368] Lined sheet, 7 lines: 'From some pains you can never run away ... To open up you concealed guilt'.","MATCH","Typed words match the 7 lines.","OK","First line.","","SURE"
"G02_SONG_HALF_OR_SHORTER_LYRICS_THAT_BECAME_A_SONG_PAGE_01_OF_02_V10F_W0220__cards_01-10__READER_A.json","370","370","MATCHES","1:UPRIGHT","1=[3-7-0 in a row = 370] Cream spiral notebook page titled 'SCENE 1', 'The sun is rising ... on the soldiers that died'.","MATCH","Typed words match line for line.","OK","'SCENE 1' is the title written at the top of the sheet.","","SURE"
"G02_SONG_HALF_OR_SHORTER_LYRICS_THAT_BECAME_A_SONG_PAGE_01_OF_02_V10F_W0220__cards_01-10__READER_A.json","401","401","MATCHES","1:UPRIGHT","1=[4-0-1 in a row = 401] Lined notebook sheet, one poem 'A girl who was quite dear to me ... in saying The heart never lies'.","TYPED WORDS INCLUDE A SHEET NOT PICTURED","First part matches the photo. The part after --- ('I sit and watch the snow / When there's no place else to go ... Bowing to the stars they're so magnificent') is on no photo here.","OK","First line 'A girl who was quite dear to me'.","","SURE"
"G02_SONG_HALF_OR_SHORTER_LYRICS_THAT_BECAME_A_SONG_PAGE_01_OF_02_V10F_W0220__cards_11-20__READER_A.json","412","412","MATCHES","1:UPRIGHT","1=[4-1-2 in a row = 412] Torn spiral-notebook sheet, black ink, 'There's no greater pain...' down to 'Fades Away'.","MATCH","Typed words match the sheet line for line.","OK","First line of the sheet.","","SURE"
"G02_SONG_HALF_OR_SHORTER_LYRICS_THAT_BECAME_A_SONG_PAGE_01_OF_02_V10F_W0220__cards_11-20__READER_A.json","427","427","MATCHES","1:UPRIGHT","1=[4-2-7 in a row = 427] Star-border paper, blue ink, titled 'Michelle', 'I've been waiting for a night like tonight...' to 'Prone'.","MATCH","Matches. Only tiny inserted words left out (sheet has 'many dark shades of gray' and 'self-portrait all alone').","OK","Title written at the top of the sheet.","","SURE"
"G02_SONG_HALF_OR_SHORTER_LYRICS_THAT_BECAME_A_SONG_PAGE_01_OF_02_V10F_W0220__cards_11-20__READER_A.json","492","492","MATCHES","1:UPRIGHT 2:UPRIGHT","1=[4-9-2 in a row = 492] Two lined sheets: typed-style print 'I haven't played in fourteen days...' and a second page with 3 lines plus scribbles and 'Cameron'. || 2=[4-9-2 in a row = 492] Close-up of the same two sheets (top part only).","SMALL DIFFERENCES","All lines match the sheets, but the lyrics are typed TWICE: the block after '---' repeats the first block word for word. Both photos show the same sheets, so the card reads as if there were two versions.","OK","First line / hook of the sheet.","Typed words repeated (one copy per photo) - the second copy should come off.","SURE"
"G02_SONG_HALF_OR_SHORTER_LYRICS_THAT_BECAME_A_SONG_PAGE_01_OF_02_V10F_W0220__cards_11-20__READER_A.json","519","519","MATCHES","1:UPRIGHT 2:UPRIGHT","1=[5-1-9 in a row = 519] Lined sheet, 'Face yourself before you face the sea...' to 'Pete Townshend's autobiography', '57 cm' in pencil at bottom. || 2=[5-1-9 in a row = 519] Turned copy is upright. Lined sheet titled 'The Golden Rule' in bubble letters, 'Somebody asked me why I went to catholic school...'.","SMALL DIFFERENCES","Both sheets are typed. Photo 2's title 'The Golden Rule' is not typed, and its first line is typed 'why I went catholic' (sheet: 'why I went to catholic school').","OK","First line of the sheet in photo 1.","","SURE"
"G02_SONG_HALF_OR_SHORTER_LYRICS_THAT_BECAME_A_SONG_PAGE_01_OF_02_V10F_W0220__cards_11-20__READER_A.json","529","529","MATCHES","1:UPRIGHT 2:UPRIGHT","1=[5-2-9 in a row = 529] Lined sheet titled 'The Light inside your Lamp' in bubble letters, 'There is now a tuition for philosophy class...'. || 2=[5-2-9 in a row = 529] Turned copy is upright. Lined sheet 'You're my butterfly...' with cross-outs.","MATCH","Both sheets typed (butterfly first, then The Light inside your Lamp); they match.","OK","Title written on the sheet in photo 1.","","SURE"
"G02_SONG_HALF_OR_SHORTER_LYRICS_THAT_BECAME_A_SONG_PAGE_01_OF_02_V10F_W0220__cards_11-20__READER_A.json","769","769","MATCHES","1:UPRIGHT","1=[7-6-9 in a row = 769] Lined sheet titled 'DEATH'S COLD EYES', six lines.","MATCH","Title and six lines match.","OK","Title written on the sheet.","","SURE"
"G02_SONG_HALF_OR_SHORTER_LYRICS_THAT_BECAME_A_SONG_PAGE_01_OF_02_V10F_W0220__cards_11-20__READER_A.json","778","778","MATCHES","1:UPRIGHT","1=[7-7-8 in a row = 778] Lined sheet 'I write about what the day brings then I...' to 'That you can ever trust'.","TYPED WORDS INCLUDE A SHEET NOT PICTURED","First part matches the photo. The part after '---' ('[crossed out word] you / How long have you been sleeping? ... The only time i'll leave myself exposed') is on no photo of this card.","OK","First line of the sheet.","Extra 5-line verse typed from a sheet not shown here.","SURE"
"G02_SONG_HALF_OR_SHORTER_LYRICS_THAT_BECAME_A_SONG_PAGE_01_OF_02_V10F_W0220__cards_11-20__READER_A.json","967","967","MATCHES","1:UPRIGHT","1=[9-6-7 in a row = 967] Lined sheet, script handwriting, 'Car broken down by the side of the road...' to 'Let alone someone else.'","TYPED WORDS INCLUDE A SHEET NOT PICTURED","The first block, 'DEATH'S COLD EYES' and its six lines, is not on this photo - it is the sheet on card 769. Only the part after '---' ('Car broken down...') is this sheet, and it matches.","OK","First line of the sheet.","Typed words start with item 769's poem, so a buyer reads the wrong piece first.","SURE"
"G02_SONG_HALF_OR_SHORTER_LYRICS_THAT_BECAME_A_SONG_PAGE_01_OF_02_V10F_W0220__cards_11-20__READER_A.json","1075","1075","MATCHES","1:UPRIGHT 2:UPRIGHT 3:UPRIGHT 4:UPRIGHT","1=[1-0-7-5 in a row = 1075] Green-ink pad page 'Don't fuck with my lyrics: Waiting for you here...' to 'I'm still..'. || 2=[1-0-7-5 in a row = 1075] Green-ink pad page '1:50 chord change vibes!!! ... We Need: Stand out Instrumental or Vocal harmony thingy to replace time.' || 3=[1-0-7-5, tops cut off at photo edge but readable] Pad page, green and red ink: '1:40 hmm hum part...', 'background harmonies So Patiently... I Bide my time Within this endless rhyme', 'SMOOTH TRANSITION'. || 4=[1-?-7-5, mostly cut off at photo edge, consistent with 1075] Pad page, green ink: 'Make ""So patiently..."" sing...', 'Melody Clang!!!', 'change key whole song', 'Extend ""Show"" at 1:24'.","SHEET WORDS NOT TYPED","Photos 3 and 4 (the '1:40 hmm hum part / So patiently / I bide my time' page and the 'Melody Clang / change key' page) are not typed at all. Also the first typed block ('Ending -> waiting for you here with just this line... Nothing's changed... I'm still...') is on no photo. Photos 1 and 2 are typed and match.","NOT FROM THIS SHEET","'Ending' comes from the typed block that is on no photo. From the pictured sheets it should be 'Waiting for you here' (or 'Don't Fuck With My Lyrics').","Blocks in photos 3 and 4 are cut off at the top edge.","FAIRLY SURE"
"G02_SONG_HALF_OR_SHORTER_LYRICS_THAT_BECAME_A_SONG_PAGE_01_OF_02_V10F_W0220__cards_11-20__READER_A.json","1984","1984","MATCHES","1:UPRIGHT","1=[1-9-8-4 in a row = 1984] Printed Yahoo Mail email, 23 Nov 1998, subject 'beginnings of a song/poem', lyric 'Hey baby, come for a ride...', one handwritten word 'who'.","SMALL DIFFERENCES","The email text matches, but the typed words begin with '[Hand-drawn boxes containing the numbers 1, 9, 8, 4]' - those are the catalogue number squares, not part of the sheet.","OK","Subject line printed on the email.","Summary is wrong: it calls the number squares 'hand-drawn numbered boxes along the left side' of the sheet; the piece is a printed email printout. The card also prints the recipient's full name and email address.","SURE"
"G02_SONG_HALF_OR_SHORTER_LYRICS_THAT_BECAME_A_SONG_PAGE_01_OF_02_V10F_W0220__cards_21-30__READER_A.json","17","017","MATCHES","1:UPRIGHT 2:UPRIGHT 3:UPRIGHT","1=[017] Long sheet 'Talkin' about front page of magazines' (13 lines), torn spiral loose-leaf || 2=[017] Second short sheet, 4 lines 'Talkin' bout front page of magazines... Back stage with beauty queens', torn corner || 3=[017] Both sheets together, lighter and other papers at left edge","SMALL DIFFERENCES","Both pictured sheets are typed. Missing 'for free' after 'everything you want'; 'But if never thought' should be 'But I never thought'.","OK","First line of both sheets.","typed_words shows raw reader headers ('[read/page 2 - shot 53] TITLE : [NONE] PAPER : notebook LINES...') and types each sheet twice. Summary reads like a file note ('3 shots - shot 53 = full text,') and is cut off.","SURE"
"G02_SONG_HALF_OR_SHORTER_LYRICS_THAT_BECAME_A_SONG_PAGE_01_OF_02_V10F_W0220__cards_21-30__READER_A.json","26","025","DIFFERENT NUMBER","1:UPRIGHT","1=[025] Spiral notebook sheet 'A higher power is what I need', 9 lines","SHEET WORDS NOT TYPED","Only the first 4 of 9 lines typed. Missing: 'I'm sorry but it's not gravity which pulls you down / To end up where you want to go first your feet have to touch the ground / The rest is easy just follow the yellow brick road / If you walk far enough then you'll find your pot of gold'.","OK","First line of the sheet.","Photo 1 blocks read 0-2-5 (item 25), not 26: third digit is an open S-shaped 5, unlike Tom's looped 6 on photo (76) which reads 026. Neighbours look shifted by one too: photo (72) reads 024 but sits on card 25, photo (76) reads 026 but sits on card 27.","FAIRLY SURE"
"G02_SONG_HALF_OR_SHORTER_LYRICS_THAT_BECAME_A_SONG_PAGE_01_OF_02_V10F_W0220__cards_21-30__READER_A.json","169","169","MATCHES","1:UPRIGHT 2:UPRIGHT","1=[169] Plain white sheet, pink/red ink, 'Whenever you feel down', 12 lines || 2=[169] Printed USA Today graphic 'Major League Baseball's influence around the world' on a white sheet (likely the back of the sheet)","MATCH","Handwritten lines match; the printed clipping text is typed after '---'.","OK","First line of the sheet.","Summary mentions only the handwritten sheet, not the printed baseball clipping in photo 2.","SURE"
"G02_SONG_HALF_OR_SHORTER_LYRICS_THAT_BECAME_A_SONG_PAGE_01_OF_02_V10F_W0220__cards_21-30__READER_A.json","170","170","MATCHES","1:UPRIGHT","1=[170] Aged, water-stained spiral sheet titled 'SHE', about 27 lines","SHEET WORDS NOT TYPED","Only the first 2 lines typed. Everything from 'Pampered beauty queen every man did want her' to 'any other direction' (about 25 lines) is missing.","OK","Title written on sheet: SHE.","","SURE"
"G02_SONG_HALF_OR_SHORTER_LYRICS_THAT_BECAME_A_SONG_PAGE_01_OF_02_V10F_W0220__cards_21-30__READER_A.json","197","197","MATCHES","1:UPRIGHT","1=[197] Loose-leaf sheet 'They say that absence makes the heart grow fonder', 5 lines, torn left edge","SMALL DIFFERENCES","All words present, but 'stronger' is typed into the last line; on the sheet it ends 'my feelings for you just keep getting stronger'. Last line should read 'In what I will now say I will not hesitate'.","OK","First line of the sheet.","","SURE"
"G02_SONG_HALF_OR_SHORTER_LYRICS_THAT_BECAME_A_SONG_PAGE_01_OF_02_V10F_W0220__cards_21-30__READER_A.json","207","207","MATCHES","1:UPRIGHT 2:UPRIGHT 3:UPRIGHT","1=[207] Three sheets laid out: full page 1, page 2 (coffee stain), and a short third sheet 'Julia has a garden... That no one else can find' || 2=[207] Close-up of page 1 'Julia has a garden so intricate in design', about 22 lines || 3=[207] Close-up of page 2 'A life as simple as Emerson or Henry David Thoreaux', about 10 lines","SHEET WORDS NOT TYPED","Only 4 lines typed out of about 35. Almost all of page 1 (from 'It is here where warm breezes blow' on) and most of page 2 (coastline, weeping willows, pines, hedgerow lines) are missing.","OK","First line of the sheet.","","SURE"
"G02_SONG_HALF_OR_SHORTER_LYRICS_THAT_BECAME_A_SONG_PAGE_01_OF_02_V10F_W0220__cards_21-30__READER_A.json","267","267","MATCHES","1:UPRIGHT","1=[267] Lined sheet titled 'Right Between the Eyes', 21 lines","SHEET WORDS NOT TYPED","Only 4 lines typed (from 'That I traded my gun for a camera'). First 14 lines ('I took a walk through the wilderness' ... 'Is the only thing it proves'), 'Should come as no surprise' and 'Captured in a picture, will never fade away' are missing.","OK","Title written on sheet.","","SURE"
"G02_SONG_HALF_OR_SHORTER_LYRICS_THAT_BECAME_A_SONG_PAGE_01_OF_02_V10F_W0220__cards_21-30__READER_A.json","277","277","MATCHES","1:UPRIGHT","1=[277] Lined sheet 'Well I guess the first place to start', 10 lines, black and blue ink","SHEET WORDS NOT TYPED","Only 2 joined fragments typed. Missing: 'Well I guess the first place to start / Would be to tell you that I got love in my heart / Or a brain without a mind / Or mind that can't understand / Or ears that can't hear / This song that I sing'.","OK","First line of the sheet (typed words do not include it).","","SURE"
"G02_SONG_HALF_OR_SHORTER_LYRICS_THAT_BECAME_A_SONG_PAGE_01_OF_02_V10F_W0220__cards_21-30__READER_A.json","290","290","MATCHES","1:UPRIGHT","1=[290] Sheet 'I VISITED A PLACE', caps then script, about 13 lines","SHEET WORDS NOT TYPED","Only first 3 and last 2 lines typed. Missing middle: 'No one else knew there was a problem / It represented purity / My God I thought they'd outlawed it / Yet when she looked back at me / I turned away like I never saw it / I cleaned all those trees myself / For you see that I'm a logger'.","OK","First line of the sheet.","","SURE"
"G02_SONG_HALF_OR_SHORTER_LYRICS_THAT_BECAME_A_SONG_PAGE_01_OF_02_V10F_W0220__cards_21-30__READER_A.json","339","339","MATCHES","1:UPRIGHT","1=[339] Lined sheet titled 'A Prayer for Life's Meaning' in outline letters, about 14 lines","SHEET WORDS NOT TYPED","Only 3 lines typed out of about 14. Missing e.g. 'Can be seen in waterfalls or the summer's sun', 'Laughing children and passing a cloud', 'His hand wipes the tears that widows weep', 'To each he's different yet the same to all', 'Epiphany of knowledge of His great power / As he waters you from seed to flower'.","OK","Title written on sheet.","","SURE"
"G02_SONG_HALF_OR_SHORTER_LYRICS_THAT_BECAME_A_SONG_PAGE_02_OF_02_V10F_W0220__cards_01-10__READER_A.json","342","342","MATCHES","1:UPRIGHT","1=[3-4-2 (row) = 342] Loose-leaf sheet, 16 lines in black ink: The law of the land has not been etched in stone ... dark and blemished scars.","SMALL DIFFERENCES","Typed words are an excerpt only: first 2 lines and last 2 lines. The 12 middle lines (There are those who make their future... through the snow) are on the sheet but not typed.","OK","First line of the sheet.","","SURE"
"G02_SONG_HALF_OR_SHORTER_LYRICS_THAT_BECAME_A_SONG_PAGE_02_OF_02_V10F_W0220__cards_01-10__READER_A.json","352","352","MATCHES","1:UPRIGHT","1=[3-5-2 (row) = 352] Loose-leaf sheet with an alphabet row at top, then about 20 lines: If my heart was empty then this paper would be blank ... sad and all alone.","SMALL DIFFERENCES","Typed words are only 2 lines (If my heart was empty... / We all need an anchor...) out of about 20 on the sheet. The rest of the sheet is not typed.","JUNK NAME","Name is the alphabet row written across the top (same name as card 356). Should be the first line: If my heart was empty then this paper would be blank.","","SURE"
"G02_SONG_HALF_OR_SHORTER_LYRICS_THAT_BECAME_A_SONG_PAGE_02_OF_02_V10F_W0220__cards_01-10__READER_A.json","356","356","MATCHES","1:UPRIGHT 2:UPRIGHT","1=[3-5-6 (row) = 356] Loose-leaf sheet with alphabet row at top, three verses: I've been lookin' for love in all the wrong places ... want to see what's real. || 2=[3-5-6 (row) = 356] Different lyric on lined paper, black and blue ink: I'm not on welfare so ya know I'm gettin' paid ... find a nice town (8 lines, maybe back of the sheet).","SHEET WORDS NOT TYPED","Photo 2 (I'm not on welfare so ya know I'm gettin' paid... 8 lines) is not typed at all. Photo 1 is typed only as a 5-line excerpt from verse 2.","JUNK NAME","Name is the alphabet row at the top (same name as card 352). Should be the first line: I've been lookin' for love in all the wrong places.","Summary says black ink only; photo 2 has blue ink lines too.","FAIRLY SURE"
"G02_SONG_HALF_OR_SHORTER_LYRICS_THAT_BECAME_A_SONG_PAGE_02_OF_02_V10F_W0220__cards_01-10__READER_A.json","361","361","MATCHES","1:UPRIGHT","1=[3-6-1 (row) = 361] Loose-leaf sheet titled HATE with 2 lines: In all my rhymes and all my verses / Sweet words of love have been changed to curses.","MATCH","","OK","Title written on the sheet.","","SURE"
"G02_SONG_HALF_OR_SHORTER_LYRICS_THAT_BECAME_A_SONG_PAGE_02_OF_02_V10F_W0220__cards_01-10__READER_A.json","379","379","MATCHES","1:UPRIGHT","1=[3-7-9 (row) = 379] Worn loose-leaf sheet, 4 lines: Unity... you and me together ... be discovered.","MATCH","","OK","First line of the sheet.","Summary says the sheet is oriented sideways; in the photo it is upright.","SURE"
"G02_SONG_HALF_OR_SHORTER_LYRICS_THAT_BECAME_A_SONG_PAGE_02_OF_02_V10F_W0220__cards_01-10__READER_A.json","446","446","MATCHES","1:UPRIGHT","1=[4-4-6 (row) = 446] Spiral-torn notebook sheet in grey ink/pencil: is a lonely place / But its not worth waking up with ... I don't want to borrow...","MATCH","","OK","First line on the sheet (the sheet opens mid-sentence, lower case).","Summary says RED INK throughout (new ink color) - reads like a file note, and the writing in the photo looks grey/pencil, not red.","FAIRLY SURE"
"G02_SONG_HALF_OR_SHORTER_LYRICS_THAT_BECAME_A_SONG_PAGE_02_OF_02_V10F_W0220__cards_01-10__READER_A.json","481","481","MATCHES","1:UPRIGHT","1=[4-8-1 (row) = 481] Three small lined note cards: Tonight's my ego's night out... / I'm ready to go... explore / Far away... Far away from this place.","SMALL DIFFERENCES","Typed words start with the number blocks typed as lyrics ([Card 1] 1 [Card 2] 8 [Card 3] 4). 'might out' should be 'night out'; 'up and doors' should be 'unopened doors'; note 3 drops 'Nor do I mind a maze' and 'since'.","OK","From the hook but cut short; fuller: Tonight's My Ego's Night Out.","","SURE"
"G02_SONG_HALF_OR_SHORTER_LYRICS_THAT_BECAME_A_SONG_PAGE_02_OF_02_V10F_W0220__cards_01-10__READER_A.json","877","877","MATCHES","1:UPRIGHT","1=[8-7-7 (row) = 877] Spiral-torn notebook sheet: scribbled-out word, then How long have you been sleeping? ... leave myself exposed.","MATCH","","OK","First real line of the sheet.","","SURE"
"G02_SONG_HALF_OR_SHORTER_LYRICS_THAT_BECAME_A_SONG_PAGE_02_OF_02_V10F_W0220__cards_01-10__READER_A.json","879","879","MATCHES","1:UPRIGHT","1=[8-7-9 (row) = 879] Spiral-torn white notebook sheet, blue and black ink: And so it seems to me ... All in the name of playing follow the leader; letters A A A A down the top right.","MATCH","","JUNK NAME","Name 'A' is one of the stray A letters in the top corner. Should be the first line: And so it seems to me (or the hook: Follow the Leader).","Summary says tan three-hole-punched paper with number squares to the left; photo shows white spiral-torn paper with the squares above it.","SURE"
"G02_SONG_HALF_OR_SHORTER_LYRICS_THAT_BECAME_A_SONG_PAGE_02_OF_02_V10F_W0220__cards_01-10__READER_A.json","982","982","MATCHES","1:UPRIGHT","1=[9-8-2 (row) = 982] Loose-leaf sheet, 4 lines: I lay on the ground and I feel death's cold eyes ... by no man's law I abide.","MATCH","","OK","First line of the sheet.","","SURE"
"G02_SONG_HALF_OR_SHORTER_LYRICS_THAT_BECAME_A_SONG_PAGE_02_OF_02_V10F_W0220__cards_11-13__READER_A.json","984","984","MATCHES","1:UPRIGHT","1=[984 (row, left to right: 9-8-4)] Torn-off spiral notebook page with 4 handwritten lines at top, three number squares above it.","MATCH","All 4 handwritten lines match the typed words.","OK","Name is the first line of the sheet.","None.","SURE"
"G02_SONG_HALF_OR_SHORTER_LYRICS_THAT_BECAME_A_SONG_PAGE_02_OF_02_V10F_W0220__cards_11-13__READER_A.json","993","993","MATCHES","1:UPRIGHT","1=[993 (row, left to right: 9-9-3)] Lined notebook sheet with ragged torn edge, 6 handwritten lines at top and a pen scribble in the middle, three number squares above.","MATCH","All 6 handwritten lines match the typed words ('whole' wraps onto its own line on the sheet). The scribble is not words.","OK","Name is the first line of the sheet.","None.","SURE"
"G02_SONG_HALF_OR_SHORTER_LYRICS_THAT_BECAME_A_SONG_PAGE_02_OF_02_V10F_W0220__cards_11-13__READER_A.json","1756","1756","MATCHES","1:UPRIGHT 2:UPRIGHT 3:UPRIGHT 4:UPRIGHT 5:UPRIGHT 6:UPRIGHT 7:UPRIGHT","1=[1756 (row: 1-7-5-6)] Top page of a stack of printed lyric sheets: 'Rules?' / I AM THE RULES, NICE TITS, BUSINESS, POTATO, LAIDIES, HUMAN BEING, NO WINTER, ALL IN A DAY, with handwritten circles, 'see ALL IN A DAY' notes and bracketed list. || 2=[1756 (row: 1-7-5-6)] Next printed page: DEADLINES, TIME, ORDER, LADIES, THRONE, SAVING, with two handwritten 'see ALL IN A DAY' notes. || 3=[1756 (row: 1-7-5-6)] Next printed page: THIS MOFO, NEITHER, GARDEN OF FLOWERS, FODDER, EXCEPTIONAL, SLAPPED. || 4=[1756 (row: 1-7-5-6)] Next printed page: MAN IN THE MOON, MY SIDE (circled, 'Besides' and 'see ALL IN A DAY' handwritten), WAVES, GOTTA BE. || 5=[partial, cut off at top edge: -7-5-6 bottoms visible (1 cut off)] Next printed page: HARD WORK, DANISH CLOUDS, SOUL BAY, LOOKING. No handwriting. || 6=[partial, cut off at top edge: only the 6 readable] Next printed page: YOU IN THE MORNING, UNDEFINED. Photo is a bit soft/dim but readable. || 7=[NONE] Close-up of a printed page: IN THE KITCHEN, CAVELIGHT. No number squares in frame. Slightly tilted, still reads normally.","MATCH","Typed words match photos 1, 2 and the start of 3 (up to NEITHER) where the text is cut at 1800 chars for the check; photos 4-7 content could not be compared because of the cut. Tiny misreads only (e.g. typed 'one' where sheet reads 'won'; typed 'people who believe' where sheet has 'those who believe' handwritten over a crossed-out word).","OK","'Rules?' is handwritten and circled as the title at the top of the first page.","This is a stack of at least 6 printed pages of short pieces with handwritten notes, not a half sheet; the 'shorter lyrics' type may undersell it. Photo 7 has no number squares (fine since other photos carry 1756).","FAIRLY SURE"
"G03_POEM_IN_34_ALBUMS_PAGE_01_OF_13_V10F_W0220__cards_01-10__READER_A.json","2","002","MATCHES","1:SIDEWAYS","1=[002 (blocks appear as a column because the whole photo is turned; the digits themselves are turned with it)] Spiral notebook open to two pages: left clean draft 'He was twice her size', right revised 'my' version with syllable counts and 'Coming of Fall -> What lies ahead' box. Writing runs down the screen.","TYPED WORDS INCLUDE A SHEET NOT PICTURED","Both notebook pages match. But everything after the first '---' (the 'Just make sure you tell your friend... Lai's channel / Hello my name is Loi' notes and 'Wrote this little piece with a green pen') is on no photo here.","OK","First line of the sheet.","The website file (in rotated-photos) is still sideways - needs a quarter turn to the left.","SURE"
"G03_POEM_IN_34_ALBUMS_PAGE_01_OF_13_V10F_W0220__cards_01-10__READER_A.json","6","006","MATCHES","1:UPRIGHT 2:UPRIGHT","1=[006] Loose-leaf sheet titled FATE IS A WORD, four numbered boxed stanzas. || 2=[006] Turned copy: loose-leaf coda 'And I am a man who loves dishing it out... Oh yeah... Oh no... Maybe...'. This replacement file is the right way up.","MATCH","","OK","Title written at the top of the sheet.","","SURE"
"G03_POEM_IN_34_ALBUMS_PAGE_01_OF_13_V10F_W0220__cards_01-10__READER_A.json","12","012","MATCHES","1:UPRIGHT 2:UPRIGHT","1=[012] Hot pink paper, marker lyric, WATERING THE WEEDS written along the bottom. || 2=[012] Other side: printed pink Porthole Restaurant June 2008 calendar with hand-drawn arrows.","MATCH","","OK","Title written on the sheet.","","SURE"
"G03_POEM_IN_34_ALBUMS_PAGE_01_OF_13_V10F_W0220__cards_01-10__READER_A.json","16","016","MATCHES","1:UPRIGHT","1=[016] Torn spiral strip, multicolor ink, dated 9/30, 'The whole world's a fight I can't get no peace'.","SHEET WORDS NOT TYPED","Only 4 middle lines are typed. Missing: 'The whole world's a fight I can't get no peace / My mind gets disrupted when its at ease' and 'When was the last time you noticed the moon? / I'm surprised you've forgotten so soon'. Also 'Feeling so desperate / Walking from the heart' should be 'Feel so busy / walking seperate from the heart'.","OK","First line of the sheet.","","SURE"
"G03_POEM_IN_34_ALBUMS_PAGE_01_OF_13_V10F_W0220__cards_01-10__READER_A.json","18","018","MATCHES","1:UPRIGHT","1=[018 (plus two cut-off stray blocks '5' and '0' at the right edge, from another set - not a readable number)] Loose sheet, large handwriting, 'I got something on my mind so I better just say it', Chorus: 1st 5 lines, ends 'And sometimes you're Roy'.","MATCH","","OK","First line of the sheet.","Stray partial blocks ('5', '0') and other papers visible at the photo edges. Summary says 'card numbered 8' - the blocks read 018.","SURE"
"G03_POEM_IN_34_ALBUMS_PAGE_01_OF_13_V10F_W0220__cards_01-10__READER_A.json","30","029","DIFFERENT NUMBER","1:UPRIGHT 2:UPRIGHT","1=[029] Spiral notebook sheet 'Let me explain my life in a way that you can see it... Checkmate... I've lost all hope of saving mankind'. || 2=[029] Turned copy: second sheet 'If I save myself... There are still mountains to climb'. This replacement file is the right way up.","SHEET WORDS NOT TYPED","Only 5 lines of sheet 1 are typed ('I'm playing a game... The General wants me to die'). The rest of sheet 1 (about 25 lines) and all of sheet 2 (photo 2) are not typed.","OK","'Checkmate' is a line/hook on the sheet (no written title).","Both photos show blocks 0-2-9 = item 29, not 30. These photos belong on number 29 and should come off 30.","SURE"
"G03_POEM_IN_34_ALBUMS_PAGE_01_OF_13_V10F_W0220__cards_01-10__READER_A.json","32","032","MATCHES","1:UPRIGHT","1=[032] Loose-leaf sheet with drawn title 'Get outta my house' and house doodle, full lyric.","MATCH","","OK","Title drawn at top of the sheet.","Summary says 'two sheets - two different pieces on same card number' but the card has only one photo of one sheet.","SURE"
"G03_POEM_IN_34_ALBUMS_PAGE_01_OF_13_V10F_W0220__cards_01-10__READER_A.json","34","034","MATCHES","1:UPRIGHT","1=[034] Loose-leaf sheet, cursive, 'Smashed is the equality, livin' in this world of sin... I only hurt myself'.","MATCH","","NOT FROM THIS SHEET","'GETTING JUICED' is not written on the pictured sheet (no title; nearest line is 'doesn't have the juice'). It may be on the unpictured sheet 2 (shot 89); if not, use first line 'Smashed is the equality'.","Summary describes a second sheet (shot 89, bubbles and cage drawings) that is not among this card's photos - a photo may be missing.","FAIRLY SURE"
"G03_POEM_IN_34_ALBUMS_PAGE_01_OF_13_V10F_W0220__cards_01-10__READER_A.json","35","035","MATCHES","1:UPRIGHT 2:UPRIGHT 3:UPRIGHT","1=[NONE readable (blocks cut off at top edge)] Group shot of both Homeless Man sheets, one above the other. || 2=[035] Close-up of spiral sheet 'Homeless man in the alley... Worrying about the way it ought to be'. || 3=[035] Close-up of second sheet 'I am basically: / The world is basically:' version with numbered 1-4 lines.","SMALL DIFFERENCES","Both pictured sheets are typed, but the photo-2 sheet is typed twice (as '[Left page text]' and again after '---'), and the first copy drops 'When he wakes up'. Right-page copy drops 'When he awakes'.","OK","First line and heading of the sheets.","Summary says 'numbered 4 in cards' - blocks read 035.","SURE"
"G03_POEM_IN_34_ALBUMS_PAGE_01_OF_13_V10F_W0220__cards_01-10__READER_A.json","36","036","MATCHES","1:UPRIGHT","1=[036] Loose sheet 'Well I'm... Struggling against the tide / Pen and paper by my side... But the world keeps on turning'.","TYPED WORDS INCLUDE A SHEET NOT PICTURED","First section matches the sheet. The 'Rehab - day 2 / WASTED TIME' and 'REALITY / Reality check' sections after '---' are on no photo here.","NOT FROM THIS SHEET","Name is item 35's (Homeless Man). This sheet should be e.g. 'Struggling against the tide' (first line 'Well I'm... Struggling against the tide').","Summary ('three shots - 104 group, 105/106 close-ups') describes item 35's photos, not this card's single photo.","SURE"
"G03_POEM_IN_34_ALBUMS_PAGE_01_OF_13_V10F_W0220__cards_11-20__READER_A.json","40","040","MATCHES","1:UPRIGHT 2:UPRIGHT","1=[0-4-0] Torn, stained loose-leaf sheet: first draft 'I watch the smoke rising...' with King Kong bong lines and a column of rhymes (Dong, Fong, gong... wong). || 2=[0-4-0] Second torn sheet: cleaner version 'I watched the smoke rising up from the flames...' ending 'And its never done me wrong'.","TYPED WORDS INCLUDE A SHEET NOT PICTURED","Parts 1 and 2 match photos 1 and 2. Part 3 ('I've given up on feeding my addiction... Or else face regrets on the day of your dying') is on neither photo.","OK","Exact phrase not written, but built from the hook 'called King Kong' / 'my bong'.","None seen beyond the extra typed section.","SURE"
"G03_POEM_IN_34_ALBUMS_PAGE_01_OF_13_V10F_W0220__cards_11-20__READER_A.json","41","041","MATCHES","1:UPRIGHT","1=[0-4-1] One hole-punched loose-leaf sheet, faint title PERHAPS, pencil/grey writing 'Oh, someone free me from this misery...' ending '-> perhaps'.","MATCH","Typed text follows the sheet; line 2 continuation 'it should be' is dropped, small.","OK","PERHAPS is the title written at the top.","Summary is wrong: says 'spiral notebook, two sheets, water/liquid stains on shot 133' - photo is ONE hole-punched loose-leaf sheet, and shot 133 is item 40's photo.","SURE"
"G03_POEM_IN_34_ALBUMS_PAGE_01_OF_13_V10F_W0220__cards_11-20__READER_A.json","42","042","MATCHES","1:UPRIGHT 2:UPRIGHT","1=[0-4-2] Pink sheet, handwritten ink 'All dark and depressing thoughts fade away...' ending 'Once I said good bye to you'. || 2=[0-4-2] Other side of the pink sheet: printed Dodge Street Bar & Grill, Salem MA, August 2003 music schedule.","MATCH","Handwritten lyric and the printed flyer back are both typed and match.","NOT FROM THIS SHEET","'PEP - HOPE' is not written anywhere on the sheet. From the sheet: 'All dark and depressing thoughts fade away' (first line).","Summary says 'loose leaf, pencil' - it is pink paper written in ink, with a printed Dodge Street August 2003 flyer on the back.","FAIRLY SURE"
"G03_POEM_IN_34_ALBUMS_PAGE_01_OF_13_V10F_W0220__cards_11-20__READER_A.json","47","047","MATCHES","1:UPRIGHT","1=[0-4-7] Loose-leaf sheet, alphabet across the top, 'Tick Tock back and forth moves the clock...' ending 'no freer than their dog on his leash'.","MATCH","Typed text matches the sheet (last line 'on his leash' typed 'on a leash', tiny).","OK","First line.","Summary says alphabet is 'written down both margins' - it runs once across the top. Summary 'numbered 7 in cards' - blocks read 047.","SURE"
"G03_POEM_IN_34_ALBUMS_PAGE_01_OF_13_V10F_W0220__cards_11-20__READER_A.json","48","048","MATCHES","1:UPRIGHT","1=[0-4-8] Overlapping torn notebook sheets, blue ink: 'I Don't mind when most people say...', 'I've got something on my mind...', ending 'sometimes you're Roy'.","MATCH","Typed text follows all three blocks of writing, with [?] for hard spots.","NOT FROM THIS SHEET","'DOWNWARD SPIRAL' is not written on the sheet. From the sheet: 'I've got something on my mind' (hook) or first line 'I Don't mind when most people say'.","None.","FAIRLY SURE"
"G03_POEM_IN_34_ALBUMS_PAGE_01_OF_13_V10F_W0220__cards_11-20__READER_A.json","56","056","MATCHES","1:UPRIGHT","1=[0-5-6 (the 5 is written like an S)] Typed printout page 18 'RUMORS FROM HEAVEN' with handwritten verse on top, names Jerry/George added, and long handwritten margin and bottom verses (Bobby Dylan, Keith Richards, Elvis, Sinatra).","MATCH","Typed text follows the sheet up to the cut ('They all got the same room upstairs...'); rest cut for the check. 'And Lough the landlord' should read 'And though their landlord' - small misread.","OK","Printed title on the sheet.","Summary calls it 'loose leaf, dense handwriting, heavy crossouts' - it is a typed printout with handwritten additions. 'numbered 6 in cards' - blocks read 056.","SURE"
"G03_POEM_IN_34_ALBUMS_PAGE_01_OF_13_V10F_W0220__cards_11-20__READER_A.json","61","061","MATCHES","1:UPRIGHT","1=[0-6-1] Torn loose-leaf sheet, title 'Disciple of Dirt', 'What will break the spell?...' ending 'No desire to climb no risk to fall'.","MATCH","Small misreads only ('suit disciple' is crossed-out 'dirt disciple'; 'no wish to fall' is 'no risk to fall').","OK","Title written at the top.","Summary says 'red ink title decoration' - no red ink visible, all dark ink. 'numbered 8 in cards' - blocks read 061.","SURE"
"G03_POEM_IN_34_ALBUMS_PAGE_01_OF_13_V10F_W0220__cards_11-20__READER_A.json","67","067","MATCHES","1:UPRIGHT 2:UPRIGHT","1=[0-6-7] Full loose-leaf sheet 'When I was a boy daddy dressed me in white...' ending 'kept my face white'. || 2=[0-6-7] Second loose-leaf sheet with 2 lines: 'For Sundays and picnics mom would wash my white clothes / And then I'd get them dirty wherever we'd go'.","SMALL DIFFERENCES","Both sheets are typed and match, but the page-2 section contains leftover reader notes ('[read/page 2 - shot 223] TITLE : [NONE] PAPER : loose sheet LINES : 2 TEXT :') and the 2 lines are typed twice.","OK","First line.","Summary is wrong: 'partial page - 3 lines visible, card 7.6.0 confirmed' - page 1 is a full sheet and blocks read 0-6-7. Reader junk text in typed words would show to a buyer.","SURE"
"G03_POEM_IN_34_ALBUMS_PAGE_01_OF_13_V10F_W0220__cards_11-20__READER_A.json","70","070","MATCHES","1:UPRIGHT 2:UPRIGHT","1=[0-7-0] Loose-leaf sheet, blue cursive, numbered lines 1-14 'A cop asked the witnesses did you see the driver of the car?...'. || 2=[0-7-0] Second sheet, scribbled-out top lines, verses 15-20 and closing 'To the girl on the run... turning yourself in'.","SMALL DIFFERENCES","Line 13 typed as 'two lives were [crossed out text] as soon as it begun' - sheet reads 'two lives were almost taken as soon as they begun' ('almost taken' missing).","OK","First line.","None.","SURE"
"G03_POEM_IN_34_ALBUMS_PAGE_01_OF_13_V10F_W0220__cards_11-20__READER_A.json","75","075","MATCHES","1:UPRIGHT 2:UPRIGHT 3:UPRIGHT","1=[0-7-5 (5 written like S); two cut-off blocks at the right edge, unreadable] Both sheets together, angled shot: 'My Girlfriend's house' sheet behind, 'Come for a ride' sheet in front. || 2=[0-7-5] Sheet 1 'My Girlfriend's house -> Parents' home...' ending 'We'll keep singing our song til the music fades'. || 3=[0-7-5] Sheet 2 'Come for a ride and I'll take you away...' ending 'I think its time for us to go (to the) parking lot'.","SMALL DIFFERENCES","Sheet 1 is typed twice (before and after the '---'). The first copy leaves out 'Because of these lies: / We make love outside' and the last two lines 'This is our little secret so we'll play our charades / We'll keep singing our song til the music fades'. Sheet 2 matches.","OK","Hook 'Because of these lies'.","Summary is wrong: 'numbered 8+6 in cards - continuation of card 8 sequence' - blocks read 075. Photo 1 shows two cut-off number blocks at the right edge (another piece's blocks in frame, unreadable).","FAIRLY SURE"
"G03_POEM_IN_34_ALBUMS_PAGE_01_OF_13_V10F_W0220__cards_21-30__READER_A.json","83","083","MATCHES","1:UPRIGHT","1=[083] One loose-leaf sheet, black ink lyrics, big outlined title PERCHING ON POWER LINES with a power-line drawing at bottom","MATCH","Typed words match the sheet line for line.","OK","Title PERCHING ON POWER LINES is drawn on the sheet.","Summary says two sheets (black ink with arrow diagram + a pencil sheet); the photo shows one black-ink sheet, no arrow diagram, no pencil sheet.","SURE"
"G03_POEM_IN_34_ALBUMS_PAGE_01_OF_13_V10F_W0220__cards_21-30__READER_A.json","84","084","MATCHES","1:UPRIGHT","1=[084] One loose-leaf sheet, crossed-out 'Rehab - day 1' above bubble title PAYING YOUR DUES, full lyric","MATCH","Matches. 'Rehab - day 1' is crossed out on the sheet but typed as plain text.","OK","Title PAYING YOUR DUES is on the sheet.","Summary says 'continuation' but the sheet is a complete song with its own title.","SURE"
"G03_POEM_IN_34_ALBUMS_PAGE_01_OF_13_V10F_W0220__cards_21-30__READER_A.json","86","086","MATCHES","1:UPRIGHT","1=[086] One torn-edge loose-leaf sheet, purple/brown ink, title CLOSER TO GOD","TYPED WORDS INCLUDE A SHEET NOT PICTURED","The second part 'The Gambler' (All the cards fell off the table...) is on no photo. Also small misread: sheet says 'I wear my work / Like a bad tatoo', typed 'I wear my tatoo'.","OK","Title CLOSER TO GOD is on the sheet.","","SURE"
"G03_POEM_IN_34_ALBUMS_PAGE_01_OF_13_V10F_W0220__cards_21-30__READER_A.json","89","089","MATCHES","1:UPRIGHT 2:UPRIGHT","1=[089] Yellow legal-pad sheet, title DAYLIGHT AGAIN, first half of the song down to 'Trapped in a tunnel' || 2=[089] Second yellow legal-pad sheet, rest of the song 'Light dim in either direction' to 'Until there's daylight again'","TYPED WORDS INCLUDE A SHEET NOT PICTURED","The third part 'The Golden Rule' (Somebody asked me why I went catholic...) is on no photo. The two DAYLIGHT AGAIN sheets match.","OK","Title DAYLIGHT AGAIN is on sheet 1.","Summary says 'spiral, torn'; the photos show yellow legal-pad paper, not spiral.","SURE"
"G03_POEM_IN_34_ALBUMS_PAGE_01_OF_13_V10F_W0220__cards_21-30__READER_A.json","90","090","MATCHES","1:UPRIGHT","1=[090] One loose-leaf sheet, title MIDAS TOUCH, ten lines, lower half blank","TYPED WORDS INCLUDE A SHEET NOT PICTURED","The second part 'GAUGING TIME' (Cracks upon the walls...) is on no photo. MIDAS TOUCH part matches.","OK","Title MIDAS TOUCH is on the sheet.","","SURE"
"G03_POEM_IN_34_ALBUMS_PAGE_01_OF_13_V10F_W0220__cards_21-30__READER_A.json","98","098","MATCHES","1:UPRIGHT","1=[098] Two white loose-leaf sheets: top one is a DOT DOT SPACE draft with rhyme lists at top and a heavily scribbled-out block; lower one has numbered (14) lines 'I've given you everything I've got...'","TYPED WORDS INCLUDE A SHEET NOT PICTURED","The part after '---' ('Because only when the people know can they resist...') is on no photo. Also the last two lines on the lower sheet ('Two hearts once burned... fireplace', 'light in your eyes been dwindling at this same familiar pace') are not typed.","NOT FROM THIS SHEET","DAYLIGHT AGAIN is not on this sheet (it is item 89's title). Sheet is a draft of DOT, DOT, SPACE; first line 'I've finally decided to give you a piece of my mind'.","Summary says 'YELLOW LEGAL PAD'; the photo shows white loose-leaf paper.","SURE"
"G03_POEM_IN_34_ALBUMS_PAGE_01_OF_13_V10F_W0220__cards_21-30__READER_A.json","100","100","MATCHES","1:UPRIGHT","1=[100] One spiral-torn loose-leaf sheet, no title, 'When she calls you up' through 'And you say Please...'","TYPED WORDS INCLUDE A SHEET NOT PICTURED","Only the first section ('When she calls you up' ... 'And you say Please...') is pictured. The three later sections ('Waking up to a cold and breezy september morning', 'With this dark sky forshadowing impending doom', 'The town was empty the streets were clear') are on no photo.","NOT FROM THIS SHEET","WALKING ALONE is not written on the pictured sheet. From the sheet: 'WHEN SHE CALLS YOU UP' (first line).","Summary says 'large decorated title with brackets around stanza sections'; the photo has no title and no brackets.","SURE"
"G03_POEM_IN_34_ALBUMS_PAGE_01_OF_13_V10F_W0220__cards_21-30__READER_A.json","102","102","MATCHES","1:UPRIGHT 2:UPRIGHT 3:UPRIGHT 4:UPRIGHT","1=[102] Spiral-torn sheet A, bubble title DOT, DOT, SPACE, full verses with numbered margins || 2=[102 (cut off at top edge, only bottoms of 1 and 2 visible)] Sheet A and sheet B laid together; corner of an unrelated sheet visible at left ('morning / remember') || 3=[102] Sheet A again, close-up, same as photo 1 || 4=[102] Sheet B: 'I've given you everything I've got', circled rewrite lines, crossed-out 'I was going to write more'","SMALL DIFFERENCES","First block matches sheet A. The block after '---' is the same sheet A typed a second time, not a different draft. Sheet B's words (photo 4) do not appear before the 1800-char cut, so could not be confirmed.","OK","Title DOT, DOT, SPACE is on sheet A.","Summary says '4 sheets ... loose leaf cursive'; photos show 2 sheets (4 photos, sheet A shot twice), printed hand on spiral-torn paper.","FAIRLY SURE"
"G03_POEM_IN_34_ALBUMS_PAGE_01_OF_13_V10F_W0220__cards_21-30__READER_A.json","103","103","MATCHES","1:UPRIGHT","1=[103] One loose-leaf sheet, bubble title JUST ANOTHER MEMORY, 'emmilija' written at top right","MATCH","Matches the sheet (small misreads of edits only).","OK","Title JUST ANOTHER MEMORY is on the sheet.","Summary says 'spiral notebook, two more sheets - same song as items 102'; photo is one sheet of a different song, not DOT DOT SPACE.","SURE"
"G03_POEM_IN_34_ALBUMS_PAGE_01_OF_13_V10F_W0220__cards_21-30__READER_A.json","104","104","MATCHES","1:UPRIGHT","1=[104] One spiral-torn sheet, title FROM A DISTANCE (Sillonette of a Stranger), lyrics with syllable counts and boxed notes/arrows at bottom","MATCH","Lyrics and boxed notes match the sheet (small misreads only).","OK","Title FROM A DISTANCE is on the sheet.","Summary says labeled 'IGGY'S ANTHEM' with song numbers 394/401 in corner; neither is visible on the photo.","SURE"
"G03_POEM_IN_34_ALBUMS_PAGE_02_OF_13_V10F_W0220__cards_01-10__READER_A.json","105","105","MATCHES","1:UPRIGHT 2:UPRIGHT","1=[1-0-5] Two sheets laid top to bottom: top is the 'Eyes that you can't see' sheet (12 counts in margin); lower is a spiral-torn sheet with 'veronas valencia' written sideways, 'The New World Order's rapidly gaining control' stanza and 'Billeberg's the puppetmaster' stanza. || 2=[1-0-5] Close-up of the top sheet: 'Eyes from the sky that you can't see are watching you' ... 'there's little Doubt', 12 syllable counts in left margin.","TYPED WORDS INCLUDE A SHEET NOT PICTURED","Typed words go on to 'I share my darkness with the morning...', 'Perhaps I'm being too critical...' and 'My darling Roxanne...' - none of those are on either photo. Also the pictured stanza 'The New World Order's rapidly gaining control / Total world domination... / ...go watch Alex Jones / One press of the button...' (photo 1, lower sheet) is missing from the typed words.","OK","First line of the sheet.","Summary says 'A/B rhyme scheme mapped in left margin' - the margin shows 12 syllable counts, not A/B marks (the A/B circles are on item 106).","SURE"
"G03_POEM_IN_34_ALBUMS_PAGE_02_OF_13_V10F_W0220__cards_01-10__READER_A.json","106","106","MATCHES","1:UPRIGHT","1=[1-0-6] Full 3-hole loose-leaf sheet titled APOCALYPSE LATER, circled A/B/C rhyme marks in right margin, ends 'tommorrow'.","TYPED WORDS INCLUDE A SHEET NOT PICTURED","The first typed part ('[Left column]' / '[Middle/Right column]' layout, ending 'APOCALYPSE NOW, APOCALYPSE LATER / It sure seems we have fallen out of favor... savor') is a different two-column sheet that is not in the photo. The second typed part ('APOCALYPSE LATER / I back at square one...') matches the pictured sheet.","OK","Title written on the sheet.","Summary 'tiny torn spiral strip - smallest substrate so far' contradicts the photo: it is a full-size 3-hole loose-leaf sheet.","SURE"
"G03_POEM_IN_34_ALBUMS_PAGE_02_OF_13_V10F_W0220__cards_01-10__READER_A.json","108","108","MATCHES","1:UPRIGHT","1=[1-0-8] One loose-leaf sheet, 'Come along with Michael Hawk' ... 'He's very well-thought-of Michael Hawk'.","MATCH","Typed words match the sheet.","OK","First line of the sheet.","Summary contradicts the photo: it says spiral, two sheets side by side, a massive scribble and circled stanza numbers - the photo is one loose-leaf sheet with none of that.","SURE"
"G03_POEM_IN_34_ALBUMS_PAGE_02_OF_13_V10F_W0220__cards_01-10__READER_A.json","109","109","MATCHES","1:UPRIGHT","1=[1-0-9] Loose-leaf sheet with outlined title MATTER OF WAR and two stanzas.","TYPED WORDS INCLUDE A SHEET NOT PICTURED","First typed part matches the sheet. The rest ('When she smiles I frown...', a margin-notes sheet 'I understand... rising tide...', 'Duet with the sea', 'I walk the beach this summer's day...') is on no photo here.","OK","Title written on the sheet.","","SURE"
"G03_POEM_IN_34_ALBUMS_PAGE_02_OF_13_V10F_W0220__cards_01-10__READER_A.json","114","114","MATCHES","1:UPRIGHT","1=[1-1-4] Loose-leaf sheet with bubble title CRYSTAL BALL, one long poem ending 'As the hour's getting late', crossed-out line at bottom.","TYPED WORDS INCLUDE A SHEET NOT PICTURED","CRYSTAL BALL part matches. The typed 'A E I O U / COVERINGS / I have many hats...' and 'COLONIAL MANAGEMENT Associates... They say these are the best years of my life' are not on the photo.","OK","Title written on the sheet.","Summary contradicts the photo: no 6/10 date, no circled numbers, no END/Repeat labels, no box diagram on this sheet.","SURE"
"G03_POEM_IN_34_ALBUMS_PAGE_02_OF_13_V10F_W0220__cards_01-10__READER_A.json","119","119","MATCHES","1:UPRIGHT","1=[1-1-9] Loose-leaf sheet, outlined title I.M. GRENDEL, one poem in blue ink ending 'passing basket'.","TYPED WORDS INCLUDE A SHEET NOT PICTURED","I.M. GRENDEL part matches (small: 'thrown into the dumpster' typed as just 'thrown'). The typed 'I don't know why they left it to me...' poem is not on the photo.","OK","Title written on the sheet.","Summary says black ink and three cards 'to the left of the text' - ink is blue and the number cards sit above the sheet. Minor.","SURE"
"G03_POEM_IN_34_ALBUMS_PAGE_02_OF_13_V10F_W0220__cards_01-10__READER_A.json","121","121","MATCHES","1:UPRIGHT 2:UPRIGHT","1=[1-2-1] Pink sheet, handwritten poem 'Just a shadow of smoke...' with 'T 180' at top right and small upside-down notes 'eviction / gospel singer' at bottom right. || 2=[1-2-1] Other side of the pink sheet: printed Student Government Association Freshmen Elections flyer.","MATCH","Poem, the 180 mark, 'eviction / gospel singer' and the flyer text are all typed.","NOT FROM THIS SHEET","The name is the printed flyer heading on the back of the paper, not the poem. For a poem card it should be the poem's first line: 'Just a shadow of smoke'.","Summary says 'loose leaf' - it is a pink printed flyer with the poem handwritten on the back.","FAIRLY SURE"
"G03_POEM_IN_34_ALBUMS_PAGE_02_OF_13_V10F_W0220__cards_01-10__READER_A.json","128","128","MATCHES","1:UPRIGHT","1=[1-2-8] Spiral-torn lined sheet, untitled poem 'I woke up this morning / In a place I'd been before...' ending 'For I am the only one I'm screwing'.","TYPED WORDS INCLUDE A SHEET NOT PICTURED","First typed part matches the sheet (small: line 'I know what's wrong and right' not typed). The typed 'THE END OF TIME / Your eyes are so beautiful...' and the 'WATERING THE WEEDS / Mommy's GIFT TO DAUGHTER' sheet (that is item 129's piece) are not on this photo.","NOT FROM THIS SHEET","'BREAKING THE LAW' is not written anywhere on the sheet. It has no title; should be the first line 'I woke up this morning'.","","SURE"
"G03_POEM_IN_34_ALBUMS_PAGE_02_OF_13_V10F_W0220__cards_01-10__READER_A.json","129","129","MATCHES","1:UPRIGHT 2:UPRIGHT 3:UPRIGHT 4:UPRIGHT 5:UPRIGHT","1=[1-2-(cut off at top edge, only partly in frame); stray partial blocks at right edge] Full long yellow legal sheet, red ink, WATERING the WEEDS, signed Tom Jensen 6/28-29/2003, 'THIS BELONGS ON THE FRIDGE!'. Other pieces show at the left edge (an '...OF TIME' sheet) and bottom-left. || 2=[1-2-9] Top of the yellow sheet: title, 'aka Mommy's GIFT TO DAUGHTER', margin notes 'reality vs. denial', 'the dream vs. the night mare', 'Lost & Loss'. || 3=[NONE] Middle of the same yellow sheet: 'A man who's lost his mind...' down to 'There's already too few flowers'. || 4=[NONE] Lower part of the same yellow sheet down to the signature, date, fridge note and watering-can drawing. || 5=[1-2-9] A second yellow legal sheet in black marker: 'You've got your fingers and your toes in the cracks of the dam... 'cause pretty soon its gonna give / When will you realize...'.","SHEET WORDS NOT TYPED","The red-ink sheet (photos 1-4) is typed and matches (small: third typed part has 'is a broken sail' where the sheet says 'Keeps crashing into the dock'). Photo 5's black-marker sheet is not typed on this card - checked the full page text; those words sit on item 131's card instead.","OK","Title written on the sheet.","Summary is wrong: says white notebook paper with one line of red ink - it is a yellow legal pad with a full red-ink poem, signed and dated (item 135's summary describes this sheet). Photo 1 cuts the number blocks off at the top and shows stray blocks and other pieces at its edges.","SURE"
"G03_POEM_IN_34_ALBUMS_PAGE_02_OF_13_V10F_W0220__cards_01-10__READER_A.json","130","130","MATCHES","1:UPRIGHT 2:UPRIGHT 3:UPRIGHT 4:UPRIGHT 5:UPRIGHT 6:UPRIGHT","1=[1-3-0 (plus stray partial blocks at right edge)] Three spiral-torn sheets top to bottom: 'you'd be wise to take my advice' draft, second 'You'd be wise... Well if you're hooked...' sheet, and the 'from cigarettes to booze to weed...' list. A different piece ('...OF TIME' sheet) shows at the left edge. || 2=[1-3-0] Close-up of the first sheet: 'you'd be wise to take my advice...' through 'But I escaped the demons and now I'm free'. || 3=[1-3-0 at top; loose stray blocks 2, 0, 9 lying at the right] Full view of 'United We Stand' - a column of torn spiral strips, each verse starting 'All for one and one for all'. || 4=[1-3-0] Top of 'United We Stand' strips: title, first three verses. || 5=[NONE] Middle 'United We Stand' strips ('As an individual we are so small' ... 'In line to by the seoual'). || 6=[NONE] Lower 'United We Stand' strips down to 'And I feel a wintery chill just starting'.","SHEET WORDS NOT TYPED","Photos 3-6 show 'United We Stand' (blocks 1-3-0 in photos 3 and 4) and none of its words are typed on this card - checked the full page text; they are typed on item 131's card. The 'you'd be wise' sheets (photos 1-2) are typed. The typed '[Handwritten text at bottom left] OF TIME / be so beautiful...' is from a different piece sitting at the edge of photo 1, not this item.","OK","First line of the sheet.","Photo 3 has loose stray number blocks (2, 0, 9) lying beside the piece, which a buyer could misread. Summary says 'loose leaf, purple ink' - the sheets are spiral-torn and the ink looks black.","SURE"
"G03_POEM_IN_34_ALBUMS_PAGE_02_OF_13_V10F_W0220__cards_11-20__READER_A.json","131","131","MATCHES","1:UPRIGHT 2:UPRIGHT","1=[131] White loose-leaf sheet, 'Never again Never again Never again / Will I cut you out' song. || 2=[131] Yellow legal sheet titled 'UH, THAT'S CHRISTMAS NANA' (Has anyone seen my apron?).","TYPED WORDS INCLUDE A SHEET NOT PICTURED","First part (Never again) matches photo 1. The 'fingers and toes in the cracks of the dam' fragment and 'United We Stand / All for one and one for all' are on no photo here. Photo 2 'Uh, That's Christmas Nana' is not in the typed words shown (text cut at check limit).","OK","First line of photo 1.","Photo 2 is a different poem (Christmas Nana) on yellow legal paper but carries the same 131 blocks; its words are not typed in the visible text. Summary 'heavy crossouts' does not fit photo 1 (only one small crossout).","FAIRLY SURE"
"G03_POEM_IN_34_ALBUMS_PAGE_02_OF_13_V10F_W0220__cards_11-20__READER_A.json","135","135","MATCHES","1:UPRIGHT","1=[135] White lined sheet, bubble-letter title 'a dime a dozen', black ink.","TYPED WORDS INCLUDE A SHEET NOT PICTURED","First part (a dime a dozen) matches the photo. Second part 'I must be strong, I'll see her next week ... Captivation is my motivation' is on no photo here.","OK","Title on the sheet.","Summary contradicts the photo: it says YELLOW LEGAL PAD, 4 shots, red ink, dated 6/28-29/2003, signed, 'THIS BELONGS ON THE FRIDGE!', 'Mommy's Gift to Daughter'. Photo is one white lined sheet in black ink with none of that.","SURE"
"G03_POEM_IN_34_ALBUMS_PAGE_02_OF_13_V10F_W0220__cards_11-20__READER_A.json","138","138","MATCHES","1:UPRIGHT","1=[138] White lined sheet, bubble-letter title 'Peaking through the Keyhole'.","MATCH","Typed words match the sheet.","OK","Title is from this sheet but misspelled on the card: 'KEYHDE' should be 'PEAKING THROUGH THE KEYHOLE'.","Name typo KEYHDE. Summary says number cards are 'to the left' and paper 'torn' - blocks are above the sheet; minor.","SURE"
"G03_POEM_IN_34_ALBUMS_PAGE_02_OF_13_V10F_W0220__cards_11-20__READER_A.json","139","139","MATCHES","1:SIDEWAYS","1=[139] Lined sheet 'SUCKING THE LIFE' shot sideways; writing runs up the screen, blocks stacked in a column on the left (read bottom to top 1-3-9).","MATCH","Typed words match the sheet.","OK","Title on the sheet.","Photo needs a quarter turn (clockwise). Summary is cut off mid-sentence ('only brown ink piece in the'); ink looks dark/black in the photo.","SURE"
"G03_POEM_IN_34_ALBUMS_PAGE_02_OF_13_V10F_W0220__cards_11-20__READER_A.json","141","141","MATCHES","1:UPRIGHT","1=[141] White loose-leaf sheet, no title, 'Yes I was once a child many years ago', bracketed chorus 'As soon as I'm high something brings me down'.","TYPED WORDS INCLUDE A SHEET NOT PICTURED","First part (Yes I was once a child ... what I loved so much I want it back) matches. The whole 'ALL OR NOTHING' song after the --- is on no photo here.","NOT FROM THIS SHEET","'ALL OR NOTHING' is not on the pictured sheet. Should be 'YES I WAS ONCE A CHILD' (first line) or hook 'AS SOON AS I'M HIGH'.","Summary 'spiral, two-color (black + green ink), crinkled' does not fit the photo: hole-punched loose leaf, one ink colour.","SURE"
"G03_POEM_IN_34_ALBUMS_PAGE_02_OF_13_V10F_W0220__cards_11-20__READER_A.json","142","142","MATCHES","1:UPRIGHT","1=[142] Torn-edge spiral notebook sheet titled 'DOWNWARD SPIRAL', two scribbled-out lines at the bottom.","MATCH","Typed words match, including the two crossed-out lines marked illegible.","OK","Title on the sheet.","Summary says 'loose leaf, with a drawn empty box (door frame) on the right side' - no drawn box visible; sheet has a torn spiral edge.","SURE"
"G03_POEM_IN_34_ALBUMS_PAGE_02_OF_13_V10F_W0220__cards_11-20__READER_A.json","144","144","MATCHES","1:UPRIGHT 2:UPRIGHT","1=[144] Both pages of 'ME, YOU AND HOOBIE DOO' laid top and bottom, page 2 ends with chorus 'She said me, you and hoobie doo'. || 2=[144] Close-up of page 1 of 'ME, YOU AND HOOBIE DOO'.","SMALL DIFFERENCES","First version matches both pages. After the --- page 1 is typed a second time (a repeat transcription of photo 2, e.g. 'earn its'), so a buyer sees page 1 twice.","OK","Title on the sheet.","Typed words repeat page 1.","FAIRLY SURE"
"G03_POEM_IN_34_ALBUMS_PAGE_02_OF_13_V10F_W0220__cards_11-20__READER_A.json","151","151","MATCHES","1:UPRIGHT","1=[151] Torn-edge spiral notebook sheet titled 'STAKING THE FLAG'.","MATCH","Typed words match the sheet.","OK","Title on the sheet.","","SURE"
"G03_POEM_IN_34_ALBUMS_PAGE_02_OF_13_V10F_W0220__cards_11-20__READER_A.json","155","155","MATCHES","1:UPRIGHT","1=[155] White lined sheet, bubble-letter title 'MY BEST FRIEND', ends with 'When'.","MATCH","Typed words match the sheet.","OK","Title on the sheet.","","SURE"
"G03_POEM_IN_34_ALBUMS_PAGE_02_OF_13_V10F_W0220__cards_11-20__READER_A.json","157","157","MATCHES","1:UPRIGHT 2:UPRIGHT 3:UPRIGHT 4:UPRIGHT 5:UPRIGHT 6:UPRIGHT 7:UPRIGHT 8:UPRIGHT 9:UPRIGHT 10:UPRIGHT","1=[157] Page 1 of 'VENUS' (Venus was raised in the Bronx). || 2=[157] Page 2 (She was a friendly girl). || 3=[157] Page 3 (So Venus packed her bags ... Captain Jack). || 4=[157 (1 partly cut off)] Page 4 (He stopped in for coffee). || 5=[57 (1 cut off at edge)] Page 5 (Little did she know ... Stairway to Heaven). || 6=[57 (1 cut off at edge)] Page 6 (Venus had been had ... The doctor said she had HIV). || 7=[57 (1 cut off at edge)] Page 7 (When Venus got home she wore a vail). || 8=[57 (1 cut off at edge)] Page 8 (Future dreams shattered). || 9=[57 (1 cut off at edge)] Page 9 (With hatred in her veins). || 10=[57 (1 hidden under turned pages)] Page 11 (The guy'd be drinking Scotch ... She took twenty three men).","SHEET WORDS NOT TYPED","Typed words are only 3 lines from page 6 ('The doctor said she had HIV / And there ain't no cure / Venus dropped her jaw'). The rest of all 10 pictured pages (photos 1-10) is not typed.","OK","Title on page 1.","Photos 5-10 show only the 5 and 7 blocks clearly (the 1 is cut off or under the turned pages); no other number seen. Page 10 is not pictured, as the summary says.","SURE"
"G03_POEM_IN_34_ALBUMS_PAGE_02_OF_13_V10F_W0220__cards_21-30__READER_A.json","158","158","MATCHES","1:UPRIGHT","1=[158] Lined loose-leaf sheet with bent top corner, 'I come here to collect my thoughts', blocks 1-5-8 above","MATCH","Typed words follow the sheet line for line, including the struck 'But'/'And' and bracketed chorus.","OK","First line of the sheet.","","SURE"
"G03_POEM_IN_34_ALBUMS_PAGE_02_OF_13_V10F_W0220__cards_21-30__READER_A.json","160","160","MATCHES","1:UPRIGHT","1=[160] Clean lined sheet, 'They locked him in the closet... Rehab' lyric, blocks 1-6-0 above","MATCH","All 14 written lines are typed.","OK","First line of the sheet.","","SURE"
"G03_POEM_IN_34_ALBUMS_PAGE_02_OF_13_V10F_W0220__cards_21-30__READER_A.json","166","166","MATCHES","1:UPRIGHT","1=[166] Lined sheet titled 'LAST Shot' in bubble letters with a basketball drawing, 16 lines, blocks 1-6-6 above","TYPED WORDS INCLUDE A SHEET NOT PICTURED","First part (Last Shot, 16 lines) matches the photo. Everything after the '---' ('I set out on my own today... For until now its been way too dark') is on no photo of this card - probably the back of the sheet, which is not photographed.","OK","Title written on the sheet: LAST Shot.","Back side (second poem) needs a photo, or the second part is from another sheet.","SURE"
"G03_POEM_IN_34_ALBUMS_PAGE_02_OF_13_V10F_W0220__cards_21-30__READER_A.json","173","173","MATCHES","1:UPRIGHT 2:UPRIGHT 3:UPRIGHT 4:UPRIGHT 5:UPRIGHT","1=[173] Both neon-yellow sheets together, lyric side: 'There's no more secrets' (sheet 1) and 'While you've been praying for salvation' (sheet 2) || 2=[173] Close-up of sheet 1, 'There's no more secrets... then that's the end' || 3=[173] Close-up of sheet 2, 'While you've been praying for salvation... When you gonna get off?' || 4=[NONE] Back of both sheets: printed Porthole Restaurant, Lynn MA, June 2003 music calendar, marker bleed-through || 5=[173] Back of one sheet: Porthole Restaurant June 2003 calendar, second calendar sheet below","MATCH","Lyrics on both sheets are all typed and match. The typed text then repeats sheet 1 again under a reader header.","OK","First line of sheet 1.","typed_words contain raw reader notes a buyer would see: '[read/page 2 - shot 532] TITLE : [NONE] PAPER : loose sheet LINES : 18 TEXT :' and then the same lyrics a second time. Needs cleaning so the words appear once. Summary describes only the printed calendar back, not the handwritten lyric side.","SURE"
"G03_POEM_IN_34_ALBUMS_PAGE_02_OF_13_V10F_W0220__cards_21-30__READER_A.json","174","174","MATCHES","1:UPRIGHT","1=[174] Loose sheet with torn/folded top corner and a stain, 'As old as the earth is', blocks 1-7-4 above","MATCH","All 20 lines typed as written.","OK","First line of the sheet.","","SURE"
"G03_POEM_IN_34_ALBUMS_PAGE_02_OF_13_V10F_W0220__cards_21-30__READER_A.json","180","180","MATCHES","1:UPRIGHT","1=[180] Spiral-torn sheet in blue and red ink, 'Who am I?', 'SNIPER' written top right, blocks 1-8-0 above","MATCH","All lines typed; the two scribbled-out words shown as [redacted].","OK","'SNIPER' is written on the sheet as the title.","","SURE"
"G03_POEM_IN_34_ALBUMS_PAGE_02_OF_13_V10F_W0220__cards_21-30__READER_A.json","182","182","MATCHES","1:UPRIGHT","1=[182] Lined loose-leaf sheet titled 'Chameleon', blocks 1-8-2 above","MATCH","All lines typed as written.","OK","Title written on the sheet.","","SURE"
"G03_POEM_IN_34_ALBUMS_PAGE_02_OF_13_V10F_W0220__cards_21-30__READER_A.json","183","1583","DIFFERENT NUMBER","1:UPRIGHT","1=[1583] A gold Sony CD-R hand-labelled 'JUSTIN JUSTICE.com / ReadTom.com / 18 songs', blocks 1-5-8-3 above - not a lyric sheet","MATCH","Typed words copy the CD label in the photo - but that CD is item 1583, not 183. No Chameleon sheet (or any written sheet for 183) is pictured.","NOT FROM THIS SHEET","The pictured piece is a CD; 'Chameleon' is not on it. For the CD the name would be 'JUSTIN JUSTICE.com' - but that belongs on card 1583. Item 183's real photo is needed to name it.","Photo 1 shows blocks 1583, not 183: this photo belongs to item 1583 and should come off card 183. Item 183 has no photo of its own yet - find it. Summary says 'Piece of lined notebook paper' but the photo is a CD. Typed words are the CD label, so they also belong to 1583.","SURE"
"G03_POEM_IN_34_ALBUMS_PAGE_02_OF_13_V10F_W0220__cards_21-30__READER_A.json","187","187","MATCHES","1:UPRIGHT","1=[187] Lined loose-leaf sheet with torn left edge, 'THE GAME', blocks 1-8-7 above; faint writing shows through from the back","TYPED WORDS INCLUDE A SHEET NOT PICTURED","First part (THE GAME, to 'Back to the bench') matches. The part after '---' ('Time for the winners and the losers... They'll be another game') is not on this photo - it shows through faintly, so it is on the back of the sheet, which is not photographed.","OK","Title written on the sheet.","Back side needs its own photo. Summary says red ink and a spiral-bound sheet; the photo shows dark (black/brown) ink on 3-hole loose-leaf.","SURE"
"G03_POEM_IN_34_ALBUMS_PAGE_02_OF_13_V10F_W0220__cards_21-30__READER_A.json","189","189","MATCHES","1:UPRIGHT","1=[189] Stained loose-leaf sheet with 'ME' in outline letters, 'Who wants to believe the lies?', blocks 1-8-9 above","MATCH","All lines typed; sheet says 'Me, Me, Me' where typed has 'Me, Me' - trivial.","OK","Title written on the sheet.","","SURE"
"G03_POEM_IN_34_ALBUMS_PAGE_03_OF_13_V10F_W0220__cards_01-10__READER_A.json","190","190","MATCHES","1:UPRIGHT 2:UPRIGHT 3:UPRIGHT","1=[190] Both VISIONS sheets laid together (page 1 and 'VISIONS con't'), lower sheet blurred/out of focus. || 2=[190] VISIONS page 1, bubble-letter title, 5 stanzas. || 3=[190] 'VISIONS con't.' page 2, ends 'Visions of Johanna', torn bottom edge.","MATCH","Typed words follow both sheets (typed text is cut for the check but what is shown matches).","OK","Title VISIONS written in bubble letters on sheet 1.","Photo 1 is a group shot with the lower half soft/blurred; photos 2 and 3 are clear.","SURE"
"G03_POEM_IN_34_ALBUMS_PAGE_03_OF_13_V10F_W0220__cards_01-10__READER_A.json","191","191","MATCHES","1:UPRIGHT 2:UPRIGHT","1=[191] Torn-top lined sheet, untitled, first line 'All it takes is a fool like you' (the siren poem). || 2=[191] Spiral-torn lined sheet titled in bubble letters 'Only for not Lonely for', ends 'Only for [blacked out] one would I stay'.","SMALL DIFFERENCES","Both sheets are typed. Sheet 2 heading is typed as 'Only for one' but the bubble-letter title reads 'Only for not Lonely for'.","NOT FROM THIS SHEET","'OF THE DAZE' is not written on either sheet. Should be 'Only for not Lonely for' (bubble title on sheet 2) or 'All it takes is a fool like you' (sheet 1 first line).","The title 'Only for not lonely for' is instead used as the name of card 195, which is a different sheet.","SURE"
"G03_POEM_IN_34_ALBUMS_PAGE_03_OF_13_V10F_W0220__cards_01-10__READER_A.json","192","192","MATCHES","1:UPRIGHT","1=[192] Spiral-torn lined sheet, bubble title 'Tomorrow is the Day' with a drawn sun/moon face, one blacked-out line.","TYPED WORDS INCLUDE A SHEET NOT PICTURED","First part (Tomorrow is the Day) matches the photo. The second part after '---' ('Tomorrow / So much to say so little ink...') is on no photo of this card.","NOT FROM THIS SHEET","'ME' is not on the sheet. Should be 'Tomorrow is the Day' (the bubble-letter title).","","SURE"
"G03_POEM_IN_34_ALBUMS_PAGE_03_OF_13_V10F_W0220__cards_01-10__READER_A.json","194","194","MATCHES","1:UPRIGHT 2:UPRIGHT","1=[194] Lined sheet in blue ink, 'Trapped in this invisable cage' shepherd poem, page 1. || 2=[194] Lined sheet in blue ink, continuation 'No longer will the people be deceived ... The shepherd is back'.","TYPED WORDS INCLUDE A SHEET NOT PICTURED","Parts 1 and 2 match the two photos. Part 3 ('Happy birthday though I have no card ...') is on no photo of this card.","OK","First line of the sheet.","","SURE"
"G03_POEM_IN_34_ALBUMS_PAGE_03_OF_13_V10F_W0220__cards_01-10__READER_A.json","195","195","MATCHES","1:UPRIGHT","1=[195] Torn-corner lined sheet in blue ink, 'AEIOU / BCDFG...' at top, two 'Since I am a poet' stanzas.","MATCH","","NOT FROM THIS SHEET","'Only for not lonely for' is the bubble title on card 191's sheet, not this one. Should be 'Since I am a poet' (first line: 'Since I am a poet I will fight you only with my pen').","","SURE"
"G03_POEM_IN_34_ALBUMS_PAGE_03_OF_13_V10F_W0220__cards_01-10__READER_A.json","199","199","MATCHES","1:UPRIGHT","1=[199] Spiral-torn lined sheet in blue ink, 12 lines 'I know you're thinking ... What do you need and what is hollow?'.","TYPED WORDS INCLUDE A SHEET NOT PICTURED","Only the first part (12 lines) is on the photo. Part 2 ('Well, you've been climbing the ladder...') and part 3 ('COVERINGS / I have many hats...') are on no photo of this card.","OK","First line of the sheet.","Summary says pencil and number boxes 'to the left'; the photo shows blue ink and the boxes are above the sheet.","SURE"
"G03_POEM_IN_34_ALBUMS_PAGE_03_OF_13_V10F_W0220__cards_01-10__READER_A.json","200","200","MATCHES","1:UPRIGHT 2:UPRIGHT","1=[200] Full handwritten page in cursive, 'Someday I'll be famous, and everyone'll know my name' political poem. || 2=[200] Reverse side: printed 'Professor E. Hart, Lecture Notes, SPC-101D, ARGUMENTATION' handout.","SMALL DIFFERENCES","Two handwritten lines are missing from the typed words: 'It all starts now, and it all starts here,' (line 3) and 'Push the old values aside,' (before 'No more will we run and hide'). Printed reverse is typed and matches.","OK","First line of the sheet.","Summary names Salem State College; that name is not visible in photo 2 (cannot confirm from the photos).","SURE"
"G03_POEM_IN_34_ALBUMS_PAGE_03_OF_13_V10F_W0220__cards_01-10__READER_A.json","201","201","MATCHES","1:UPRIGHT 2:UPRIGHT 3:UPRIGHT","1=[201 (small, top); edge of another block set cut off at right edge, unreadable] Long group shot of three stacked sheets (4312 clean copy, crossed-out Jenna Bush draft, 'Three Four Five Six' sheet); small and hard to read. || 2=[201] Top of '4312 (Fuzzy Math)' sheet with bracketed sections and sideways margin note 'four three two one / And now my song is done'. || 3=[NONE] Bottom of the 4312 sheet ('Dick Cheney's on our team') above the heavily crossed-out 'Jenna Bush ... Fuzzy Math' draft sheet.","SMALL DIFFERENCES","The clean '4312 (Fuzzy Math)' part matches photos 2-3. The first part is a rough reading of the group shot full of [?] gaps, with sheet labels 'leftmost/middle/rightmost' that do not fit the stacked layout, and misreads (e.g. 'White people and minorities' where the sheet says 'illegals and minorities').","OK","Both parts are written on the sheets, but the cleaner title is '4312 (Fuzzy Math)'; the slash-and-quotes form looks like a file note.","Summary says four number cards arranged vertically to the left; photos show three blocks above the sheet. A partial set of another item's blocks shows at the right edge of photo 1.","FAIRLY SURE"
"G03_POEM_IN_34_ALBUMS_PAGE_03_OF_13_V10F_W0220__cards_01-10__READER_A.json","202","202","MATCHES","1:UPRIGHT 2:UPRIGHT","1=[202] Both sheets of 'The poorest chorus' (white trashification poem) laid together, margin word list top left. || 2=[202] Turned copy: second sheet alone, last two 'I've been watching the white trashification' verses. Reads the right way up.","MATCH","","OK","Title 'The poorest chorus' written at top of sheet 1.","Summary says blue pen; the ink looks black/dark in both photos. Minor.","SURE"
"G03_POEM_IN_34_ALBUMS_PAGE_03_OF_13_V10F_W0220__cards_01-10__READER_A.json","208","208","MATCHES","1:UPRIGHT 2:UPRIGHT 3:UPRIGHT 4:UPRIGHT 5:UPRIGHT","1=[208] Group shot of four sheets: BEST LEFT clean page, numbered draft page, second clean page, LAST VERSE page. || 2=[208] 'BEST LEFT' page 1, bubble-letter title. || 3=[208] Second page 'I'm getting tired of waiting ... And somethings are best left ... unexplained'. || 4=[208] Turned copy: draft page with green circled 1 and 2, 'SYMBOLISM Never spoke so loud' in a loop. Reads the right way up. || 5=[208] Mostly blank sheet with green 'LAST VERSE' label and 4 lines at top.","SMALL DIFFERENCES","All four sheets are covered, but in both 'One single ray' sections line 2 is typed 'I see her standing there' where the sheets read 'I was standing on', and the line 'Yet my lover right beside me just stood in my shadow' is left out. Sheet labels (top/bottom, left/right) do not match the photo layout.","OK","Title BEST LEFT in bubble letters on page 1.","Photo 1 bottom-left corner shows part of another sheet ('disposable consumer society ... our globe isn't') that belongs to a different piece; a buyer could notice it.","SURE"
"G03_POEM_IN_34_ALBUMS_PAGE_03_OF_13_V10F_W0220__cards_11-20__READER_A.json","209","209","MATCHES","1:UPRIGHT 2:UPRIGHT 3:UPRIGHT","1=[209] Both notebook sheets together: top 'More concerned with the theft of identity', bottom 'I am growing tired of this disposable consumer society'. || 2=[209] Close-up of top sheet 'More concerned with the theft of identity' with '9 lines stanza' margin note. || 3=[209] Close-up of bottom sheet 'I am growing tired of this disposable consumer society'.","MATCH","Typed words match both sheets. But the typed text carries reader file notes a buyer would see: 'MARGIN:', '[read/page 2 - shot 624]', 'TITLE : [NONE]', 'PAPER : notebook', 'LINES :' - and after that note it seems to start typing a page again.","OK","First line of the sheet.","Summary is an internal note, not a description, and it is wrong: it says 625 is the group shot and to transcribe from 623+624; really 623 is the group shot, 624 the top sheet, 625 the bottom sheet.","SURE"
"G03_POEM_IN_34_ALBUMS_PAGE_03_OF_13_V10F_W0220__cards_11-20__READER_A.json","212","212","MATCHES","1:UPRIGHT 2:UPRIGHT","1=[212] Notebook sheet 'I haven't given up or given in' with syllable counts in the margin. || 2=[212] Two sheets: 'Passenger' draft with rhyme letters on top, clean copy below with green-ink ending.","MATCH","Both photos typed; only small misreads.","OK","'Passenger' is the title written on the sheet in photo 2.","","SURE"
"G03_POEM_IN_34_ALBUMS_PAGE_03_OF_13_V10F_W0220__cards_11-20__READER_A.json","213","213","MATCHES","1:UPRIGHT","1=[213] Notebook sheet titled 'Side of a Building'.","TYPED WORDS INCLUDE A SHEET NOT PICTURED","First part matches 'Side of a Building'. The second part after '---' ('Caught up in the rat race of time / Can't free myself from my mind / Sitting here on this fence ... Through the eyes of the divine', 10 lines) is on no photo here. It looks like the opening of item 236 'Still searching for something'.","OK","Title written on the sheet.","","SURE"
"G03_POEM_IN_34_ALBUMS_PAGE_03_OF_13_V10F_W0220__cards_11-20__READER_A.json","219","219","MATCHES","1:UPRIGHT 2:UPRIGHT","1=[219] Printed web page of Feist '1234' lyrics (7/1/2008 7:37 PM) with Tom's handwritten 'Fuzzy math' timings, '13:00 seconds end credits', 'earth 2 ian'. || 2=[219] Printed '3 4 2 1 (George W. Bush's lullabye song to daughter Jenna)' with blue 'Male' cues, pink highlighter, handwritten '28 secs full length start song'.","SMALL DIFFERENCES","Typed words open with '[Left side, handwritten sideways] 2 1 9' - that is the number blocks, not writing on the sheet. Rest matches photo 1; photo 2 text starts after the cut ('3 4 2 ...').","OK","'3 4 2 1' is the printed title on photo 2.","Photo 1 is a printed copy of Feist's '1234' lyrics (not Tom's words) and the typed words reproduce those lyrics in full. Both sheets are printed/typed with handwritten notes, not a handwritten poem sheet, though the type says POEM FULL LYRICS.","FAIRLY SURE"
"G03_POEM_IN_34_ALBUMS_PAGE_03_OF_13_V10F_W0220__cards_11-20__READER_A.json","220","220","MATCHES","1:UPRIGHT","1=[220] Printed 'HERESY SPEAK NO EVIL' verse with handwritten continuation 'Yet so many are more concerned with the theft of identity...'.","TYPED WORDS INCLUDE A SHEET NOT PICTURED","First part matches the photo. The part after '---' ('ABCDEFGHIJKLMNOPQRSTUVWXYZ / I guess I knew it would come to this / Its time to roll up the sleeves ...') is on no photo here (maybe the back of the sheet, not photographed).","OK","Printed title on the sheet.","","SURE"
"G03_POEM_IN_34_ALBUMS_PAGE_03_OF_13_V10F_W0220__cards_11-20__READER_A.json","225","225","MATCHES","1:UPRIGHT","1=[225] Notebook sheet with bubble-letter title 'FIELDS OF TIME'.","MATCH","","OK","Title written on the sheet.","","SURE"
"G03_POEM_IN_34_ALBUMS_PAGE_03_OF_13_V10F_W0220__cards_11-20__READER_A.json","226","226","MATCHES","1:UPRIGHT","1=[226] Torn notebook sheet in blue ink 'I have finally found a reason for waking up'.","SMALL DIFFERENCES","One line on the sheet is missing from the typed words: 'Four more years of people saying' (between 'Four more years of the pet' and 'Countless millions died'). Otherwise matches.","OK","First line of the sheet.","","SURE"
"G03_POEM_IN_34_ALBUMS_PAGE_03_OF_13_V10F_W0220__cards_11-20__READER_A.json","228","228","MATCHES","1:UPRIGHT","1=[228] Notebook sheet with bubble-letter title 'OFF THE WALL', 12 lines.","TYPED WORDS INCLUDE A SHEET NOT PICTURED","First part matches 'OFF THE WALL'. The two parts after '---' ('I know you wish you were here ...' and 'It's open mic night down at Dodge ...') are on no photo here; the pictured sheet has only the Off The Wall lines.","OK","Title written on the sheet.","","SURE"
"G03_POEM_IN_34_ALBUMS_PAGE_03_OF_13_V10F_W0220__cards_11-20__READER_A.json","229","229","MATCHES","1:UPRIGHT 2:UPRIGHT 3:UPRIGHT","1=[229] Both sheets together: 'If you're over worked and underpaid' and the 'We are the bartenders ... (End)' sheet. || 2=[229] Close-up of sheet 1 'If you're over worked and underpaid' with circled 2/1/3 and 'self-made barricade'. || 3=[229] Close-up of sheet 2: 'We are the bartenders...' four lines at top, '(End) You might sing this song...' four lines at bottom.","SMALL DIFFERENCES","Sheet 1 is typed twice (same text before and after '---'). Sheet 2 words ('We are the bartenders...', '(End) You might sing this song but we're the ones who wrote the rhyme...') do not show in the first 1800 chars - check the full typed text has them.","OK","First line of the sheet.","","FAIRLY SURE"
"G03_POEM_IN_34_ALBUMS_PAGE_03_OF_13_V10F_W0220__cards_11-20__READER_A.json","234","234","MATCHES","1:UPRIGHT","1=[234] Printed 'NEVER BE' sheet with handwritten boxed additions, ABABCADDDC rhyme letters and side note 'I got nothing but time and my mind'.","MATCH","Matches. Typed words open with stray rhyme letters 'D D / D D / C' before the title - minor.","OK","Printed title on the sheet.","","SURE"
"G03_POEM_IN_34_ALBUMS_PAGE_03_OF_13_V10F_W0220__cards_21-30__READER_A.json","235","235","MATCHES","1:UPRIGHT","1=[2-3-5] Printed sheet NEVER BE with orange rhyme circles/letters, green handwritten verse and black handwritten closing lines","SHEET WORDS NOT TYPED","Typed words are only 3 handwritten lines from the bottom. The whole printed NEVER BE poem (I told myself that I'm willing to wait...), the green verse (For the more voices I hear in my ear...) and other handwritten lines (When you have nothing to hide / you have no reason to be scared; Nor try to portray an emotion...) are not typed.","OK","NEVER BE is the printed title.","","SURE"
"G03_POEM_IN_34_ALBUMS_PAGE_03_OF_13_V10F_W0220__cards_21-30__READER_A.json","236","236","MATCHES","1:UPRIGHT","1=[2-3-6] Printed sheet with struck lines and handwritten margin blocks: Still searching for something ... From King Midas to Judas to Bush and Cheney","MATCH","Typed printed lines, cross-outs and margin blocks match the sheet (tail cut for the check).","OK","Sheet has no title; first unstruck line is Still searching for something.","","SURE"
"G03_POEM_IN_34_ALBUMS_PAGE_03_OF_13_V10F_W0220__cards_21-30__READER_A.json","242","242","MATCHES","1:UPRIGHT 2:UPRIGHT","1=[2-4-2] Printed page 1 of HERESY SPEAK NO EVIL, water-stained, with handwritten additions || 2=[2-4-2] Page 2: Me? Personally...I'd rather be one of the unemployed, scribbled-out list and handwritten verse","MATCH","Page 1 typed text matches, including handwritten additions. Page 2 text falls after the 1800-char cut so could not be compared here.","OK","Printed title HERESY SPEAK NO EVIL.","","SURE"
"G03_POEM_IN_34_ALBUMS_PAGE_03_OF_13_V10F_W0220__cards_21-30__READER_A.json","256","256","MATCHES","1:UPRIGHT","1=[2-5-6] Torn spiral notebook sheet, black ink, ninety nine percent of my time is spent alone, heavy cross-outs","MATCH","Typed lines follow the sheet; margin line Those that I love I hurt the most is typed as a struck line, minor.","OK","First line of the sheet.","Summary says 2-column structure; the sheet is a single column of lines (minor).","SURE"
"G03_POEM_IN_34_ALBUMS_PAGE_03_OF_13_V10F_W0220__cards_21-30__READER_A.json","279","279","MATCHES","1:UPRIGHT","1=[2-7-9] Lined notebook sheet titled SHADES in black ink","MATCH","Matches. Small misread: sheet says Are just Shades and Spatters, typed as 5 shades and 5 spatters.","OK","Written title SHADES (boxed).","","SURE"
"G03_POEM_IN_34_ALBUMS_PAGE_03_OF_13_V10F_W0220__cards_21-30__READER_A.json","285","285","MATCHES","1:UPRIGHT","1=[2-8-5] Torn spiral sheet: I've got a brand new method to my madness, with A/B/C rhyme and syllable counts, margin note Jaded - cynical","MATCH","Typed text matches the sheet, including rhyme letters and margin note.","OK","First line / hook.","","SURE"
"G03_POEM_IN_34_ALBUMS_PAGE_03_OF_13_V10F_W0220__cards_21-30__READER_A.json","314","314","MATCHES","1:UPRIGHT 2:UPRIGHT 3:UPRIGHT","1=[3-1-4] Both pages laid out one above the other (Like the crooked picture... / One more beer and then I'm going home...) || 2=[3-1-4] Close-up of page 1: Like the crooked picture hanging in your hall, bridge: shorter || 3=[3-1-4] Close-up of page 2: One more beer and then I'm going home ... I broke the law","SMALL DIFFERENCES","Both pages are typed correctly, but then a leaked reader header appears ([read/page 2 - shot 874] TITLE : [NONE] PAPER : loose sheet LINES : 14 TEXT :) and page 1 is typed a second time.","OK","First line is Like the crooked picture hanging in your hall; card drops the/your, minor.","Reader file note text (read/page 2 - shot 874, TITLE, PAPER, LINES) is in the typed words a buyer would see; page 1 text repeated.","SURE"
"G03_POEM_IN_34_ALBUMS_PAGE_03_OF_13_V10F_W0220__cards_21-30__READER_A.json","317","317","MATCHES","1:UPRIGHT","1=[3-1-7] Torn spiral notebook sheet: He holds the power... to relieve pain, side notes SLOW Intro / FAST PACE written up the right margin","MATCH","Matches. Minor: typed notes place SLOW Intro on the left / FAST PACE top middle, both are down the right margin.","OK","First line.","Summary says white printer paper; photo shows torn lined spiral notebook paper (minor).","SURE"
"G03_POEM_IN_34_ALBUMS_PAGE_03_OF_13_V10F_W0220__cards_21-30__READER_A.json","358","358","MATCHES","1:UPRIGHT 2:UPRIGHT 3:UPRIGHT","1=[3-5-8] Lined sheet House of pain. (Yeah I'm Irish, we're the best in the land...) || 2=[3-5-8] Turned copy: second lined sheet titled Beastie boys (My name is Tom and I'm here to rap...) || 3=[3-5-8] Both sheets together: Beastie boys above, House of pain below","SHEET WORDS NOT TYPED","Only House of pain is typed. The Beastie boys sheet (photo 2, and top of photo 3) is not in typed_words.","OK","House of pain is a written title on this piece (the second sheet is titled Beastie boys).","Summary says one torn sheet with cards to the left; photos show two sheets with number cards above.","SURE"
"G03_POEM_IN_34_ALBUMS_PAGE_03_OF_13_V10F_W0220__cards_21-30__READER_A.json","365","365","MATCHES","1:UPRIGHT","1=[3-6-5] Lined sheet: The truth of life must be learned, 8 lines","MATCH","Matches. Minor: sheet shows as your struck with while written above; typed has while struck.","OK","First line.","","SURE"
"G03_POEM_IN_34_ALBUMS_PAGE_04_OF_13_V10F_W0220__cards_01-10__READER_A.json","366","366","MATCHES","1:UPRIGHT 2:UPRIGHT","1=[366] Aged tan torn sheet, top piece torn off: 'She's like a girl I'd s...' down to 'Only if it wasn't such a bore'. || 2=[366] Other side/second aged torn sheet: 'Pretty houses with fences so high' down to 'That my life is a who knows what?'.","SMALL DIFFERENCES","Both sheets typed. Second part opening lines are out of order: sheet reads 'Pretty houses with fences so high / Will it all be worth it when you die? / Another traffic jam at... / Another pistol full of lead' but typed splits them into '[?] with fences so high' ... then 'Pretty houses' later. 'Can you make it?' typed as 'Can you ... hate it?'. 'bore' typed as 'bare'.","OK","Garbled first line from the torn top ('She's like a girl I'd s...'). Readable but odd; 'She's Like a Shot in the Dark' (line 5) would read cleaner.","Summary is wrong: says 'black ink arranged in a spiral on a white paper plate' but both photos show torn aged tan paper sheets, no plate, no spiral.","SURE"
"G03_POEM_IN_34_ALBUMS_PAGE_04_OF_13_V10F_W0220__cards_01-10__READER_A.json","371","371","MATCHES","1:UPRIGHT 2:UPRIGHT","1=[371] Paper towel/napkin with 'VERY EARLY POEM' in red, above a lined sheet 'My friends ask me just what it is that I'd like to do best...'. || 2=[371] Same lined sheet alone, 'My friends ask me...' to 'in the hot Floridian sun'.","MATCH","Poem matches the sheet. It is typed twice (same poem repeated after '---') because both photos show the same one sheet.","OK","'VERY EARLY POEM' is the red label on the napkin in photo 1, not a title on the sheet. First line 'My Friends Ask Me' would be more descriptive.","Summary is wrong: says 'PRINTED THE WHO RECORDING CHRONOLOGY from geocities fan site dated 10/15/98' but photos show a handwritten poem and a napkin label, nothing printed about The Who.","SURE"
"G03_POEM_IN_34_ALBUMS_PAGE_04_OF_13_V10F_W0220__cards_01-10__READER_A.json","374","374","MATCHES","1:UPRIGHT 2:UPRIGHT","1=[374] Lined sheet, four verses 'It's time for me to swallow my medication' ... 'In between oilspills violence is their meditation'. || 2=[374] Second lined sheet, 6 lines 'Wanna rape mother nature...' ending 'In between life and death violence is their meditation'.","MATCH","Both sheets typed and match.","OK","Hook line 'violence is their meditation'.","Summary is wrong: says 'page 2 = AMERICAN REVOLUTION HISTORY NOTES (Boston Tea Party, Salem as capital)' but photo 2 is the poem's last verse. Typed words also carry reader file notes a buyer would see: '[read/page 2 - shot 979] TITLE : [NONE] PAPER : loose sheet LINES : 6 TEXT :'.","SURE"
"G03_POEM_IN_34_ALBUMS_PAGE_04_OF_13_V10F_W0220__cards_01-10__READER_A.json","381","381","MATCHES","1:UPRIGHT","1=[381] Lined sheet with torn spiral edge, '21' top right, 10 lines 'This woman I'd been dating for nearly a year' ... 'just kickin' my can'.","MATCH","All 10 lines match. Typed words end with a note-style 'MARGIN: 21' (the page number in the corner).","OK","First line.","Minor: 'MARGIN:' label in typed words is a reader format leftover.","SURE"
"G03_POEM_IN_34_ALBUMS_PAGE_04_OF_13_V10F_W0220__cards_01-10__READER_A.json","383","383","MATCHES","1:UPRIGHT","1=[383] Lined spiral sheet titled 'American Dream', 'I am trying to unlearn...' to 'in the winter'.","TYPED WORDS INCLUDE A SHEET NOT PICTURED","'American Dream' part matches the photo. Everything after '---' ('(Wading in the water) (Two of a kind) (Two pair) Me & Frankie (1) We've been best friends for years...') is on no photo here.","OK","Title written at top: 'American Dream'.","","SURE"
"G03_POEM_IN_34_ALBUMS_PAGE_04_OF_13_V10F_W0220__cards_01-10__READER_A.json","386","386","MATCHES","1:UPRIGHT","1=[386] Lined sheet titled 'My personality', 'I am me so you can love it or leave it' ... 'Could you ever conceive it?'.","MATCH","Matches the sheet.","OK","Title written at top: 'My personality'.","","SURE"
"G03_POEM_IN_34_ALBUMS_PAGE_04_OF_13_V10F_W0220__cards_01-10__READER_A.json","388","388","MATCHES","1:UPRIGHT","1=[388] Torn lined sheet with small doodles (circle, triangle, square, star), 'The sun comes up / My head goes down' ... 'Got bagged for possession'.","TYPED WORDS INCLUDE A SHEET NOT PICTURED","First part matches the photo. Everything after '---' ('It's now 1:10 and I let it happen again ... To anyone who agrees') is on no photo here.","OK","First line.","","SURE"
"G03_POEM_IN_34_ALBUMS_PAGE_04_OF_13_V10F_W0220__cards_01-10__READER_A.json","390","390","MATCHES","1:UPRIGHT","1=[390] Lined sheet 'Watching... Waiting... Staring out the window...' to 'From upon a tree's limb'.","MATCH","Matches; only the small interlined 'stairway by the' in line 3 is left out.","OK","First word/hook 'Watching...'.","","SURE"
"G03_POEM_IN_34_ALBUMS_PAGE_04_OF_13_V10F_W0220__cards_01-10__READER_A.json","391","391","MATCHES","1:UPRIGHT","1=[391] Lined sheet 'They locked him in the closet and then they lost the key' ... 'Just one sip and his head exploded'.","TYPED WORDS INCLUDE A SHEET NOT PICTURED","Rehab part matches. After '---' ('Money lines the pocket / But does not fill the heart ... Daddy's a doctor but he's not home') is on no photo here.","OK","Hook 'Rehab'.","","SURE"
"G03_POEM_IN_34_ALBUMS_PAGE_04_OF_13_V10F_W0220__cards_01-10__READER_A.json","393","393","MATCHES","1:UPRIGHT","1=[393] Lined spiral sheet with drawn title 'CLIFF HANGER' and mountain/cliff drawing, 'Alone again' ... 'And then fell off a cliff'.","TYPED WORDS INCLUDE A SHEET NOT PICTURED","'Alone again ... fell off a cliff' matches. Everything after the first '---' ('MY OWN LITTLE WORLD...', 'Tom's Theme Song', 'I am the captain of my mind', 'ALPHABET', 'It is early, although it's late...') is on no photo here.","OK","Drawn title 'CLIFF HANGER'.","","SURE"
"G03_POEM_IN_34_ALBUMS_PAGE_04_OF_13_V10F_W0220__cards_11-20__READER_A.json","395","395","MATCHES","1:UPRIGHT 2:UPRIGHT","1=[395] Lined sheet, 'The whole worlds a fight / I can't get no peace' short version, 9 lines. || 2=[395] Torn lined sheet, 'The whole world's a fight I can't get no peace' longer version ending 'We're all judged by the choices we make'.","MATCH","Both sheets typed, in photo order, separated by ---.","OK","First line of sheet 1.","","SURE"
"G03_POEM_IN_34_ALBUMS_PAGE_04_OF_13_V10F_W0220__cards_11-20__READER_A.json","396","396","MATCHES","1:UPRIGHT","1=[396] Lined sheet torn from spiral plus a second half-sheet below: 'If you believe in lies' ending 'When every piece is on the stage?'.","MATCH","All six stanzas typed, including the one on the lower half-sheet.","OK","First line.","Summary says 'ILLUSTRATED - cliff + falling figure drawn down right margin' but the photo shows no drawing at all; right margin is blank. Summary contradicts the photo.","SURE"
"G03_POEM_IN_34_ALBUMS_PAGE_04_OF_13_V10F_W0220__cards_11-20__READER_A.json","397","397","MATCHES","1:UPRIGHT","1=[397] Torn lined sheet, 'The light of another day, a fresh page in the book' ending 'that it cannot be turned'.","TYPED WORDS INCLUDE A SHEET NOT PICTURED","First part matches the photo. The second part after --- ('The laws we have obeyed ... The hunted we have tracked') is not on the pictured sheet.","OK","First line.","","SURE"
"G03_POEM_IN_34_ALBUMS_PAGE_04_OF_13_V10F_W0220__cards_11-20__READER_A.json","399","399","MATCHES","1:UPRIGHT 2:UPRIGHT","1=[399] Two sheets: top lined sheet headed 'A lesson in politics one on one / I'm sure you'll like it it's so much fun' (full prose draft), and below it the starred shorter draft sheet. || 2=[399] The starred shorter draft sheet alone ('* Every candidate has a rhyme around election time ... they've said').","MATCH","Top sheet and starred sheet both typed. The starred sheet is typed twice (once per photo), so the same text repeats after ---.","OK","Heading line on the top sheet.","Typed words repeat the starred sheet a second time (same sheet seen in both photos) - a buyer sees the same lines twice.","SURE"
"G03_POEM_IN_34_ALBUMS_PAGE_04_OF_13_V10F_W0220__cards_11-20__READER_A.json","402","402","MATCHES","1:UPRIGHT","1=[402] Turned copy: torn lined sheet, 'She's all mine - you could never be any closer' ending 'But I could never be any closer'. Reads right way up.","MATCH","","OK","First line.","","SURE"
"G03_POEM_IN_34_ALBUMS_PAGE_04_OF_13_V10F_W0220__cards_11-20__READER_A.json","406","406","MATCHES","1:UPRIGHT","1=[406] Lined sheet titled 'RHYME OR REASON', one verse plus 4-line chorus.","MATCH","","OK","Title written on the sheet.","","SURE"
"G03_POEM_IN_34_ALBUMS_PAGE_04_OF_13_V10F_W0220__cards_11-20__READER_A.json","409","409","MATCHES","1:UPRIGHT","1=[409] Lined sheet, 8 lines: 'The brutal honesty of this [fish bowl] world ... push aside'. 'fish bowl' is a small insert with a caret above line 1.","TYPED WORDS INCLUDE A SHEET NOT PICTURED","First part matches the photo. The second poem after --- ('I AM ALWAYS ALONE ... online there's always someone to know') is on no photo of this card. Also 'fish bowl' is typed as a title line but on the sheet it is an insert into line 1.","OK","'fish bowl' is on the sheet but is an insert into line 1, not a title. A fuller name would be 'The Brutal Honesty of This World'.","Summary says 'plain white piece of paper' with number papers 'to the left'; photo shows lined notebook paper with the number blocks above it.","SURE"
"G03_POEM_IN_34_ALBUMS_PAGE_04_OF_13_V10F_W0220__cards_11-20__READER_A.json","415","415","MATCHES","1:UPRIGHT","1=[415] Printed page: typed poem 'SNIPER' plus a printed ROCKVILLE news clipping about the sniper, with handwritten notes in black and blue ink all around the margins.","SMALL DIFFERENCES","Typed words open with '4 / 1 / 5' - the number blocks typed as if they were words. Rest matches the printed poem, margin notes and clipping as far as the typed text goes. The left-margin blue lines ('Some may call me crazy / But I don't see it that way / I am just another hunter / And you are all my prey') are not in the shown text; may be past the 1800-char cut.","OK","SNIPER is the printed title; the '+ 2002 DC Sniper newspaper clipping' part is a description, not from the sheet.","Summary says 'lined notebook paper with handwritten text in black ink'; photo shows a printed (typed) page with a news clipping and handwritten notes, not lined notebook paper.","FAIRLY SURE"
"G03_POEM_IN_34_ALBUMS_PAGE_04_OF_13_V10F_W0220__cards_11-20__READER_A.json","417","417","MATCHES","1:UPRIGHT","1=[417] Lined sheet titled 'Love it or leave it', 'I am me so you can love it or leave it ... Could you ever conceive it?'.","SMALL DIFFERENCES","Line 'Is the truth in the' drops the word 'eyes' (sheet: 'Is the truth in the eyes'). Otherwise matches.","OK","Title written on the sheet.","Summary says 'handwritten text on a creased, circular paper plate'; photo shows an ordinary lined notebook sheet, no paper plate.","SURE"
"G03_POEM_IN_34_ALBUMS_PAGE_04_OF_13_V10F_W0220__cards_11-20__READER_A.json","418","418","MATCHES","1:UPRIGHT","1=[418] Lined sheet, 'Every candidate has a rhyme / Around election time' with the chorus 'A lesson in politics 101' repeated.","MATCH","","OK","Hook/chorus line on the sheet.","Summary says number cards 'placed to the left'; they are above the sheet. Minor.","SURE"
"G03_POEM_IN_34_ALBUMS_PAGE_04_OF_13_V10F_W0220__cards_21-30__READER_A.json","419","419","MATCHES","1:UPRIGHT","1=[4-1-9 in a row] Torn lined notebook sheet, 'Get outta my house' written at top, full poem.","MATCH","Typed words match the sheet. Tiny misread only ('room' typed; sheet has room crossed out, 'mood' above).","OK","Title written on the sheet.","Summary says the sheet is 'oriented sideways' but the photo shows it upright.","SURE"
"G03_POEM_IN_34_ALBUMS_PAGE_04_OF_13_V10F_W0220__cards_21-30__READER_A.json","431","431","MATCHES","1:UPRIGHT","1=[4-3-1 in a row] Lined notebook sheet 'My passion keeps calling out my name ... turn for the worse'.","TYPED WORDS INCLUDE A SHEET NOT PICTURED","First part (My passion keeps calling out my name ... took a turn for the worse) matches the photo. The 2nd part ('Sitting here alone / keeping one eye on the clock...') and 3rd part ('Put a bag over her head Ted...' name rhymes) are on no photo of this card.","OK","First line of the sheet.","Summary calls the number blocks 'three separate paper slips numbered 1, 3, and 4' - they are just the 4-3-1 catalogue blocks. Two typed pieces have no photo here.","SURE"
"G03_POEM_IN_34_ALBUMS_PAGE_04_OF_13_V10F_W0220__cards_21-30__READER_A.json","434","434","MATCHES","1:UPRIGHT","1=[4-3-4 in a row] Two torn lined sheets: top 'too many buildings, not enough sky ... can't live like this!', bottom 'Too many obstacles ... Believe in Freedom'.","MATCH","Both sheets typed; only small misreads.","OK","First line of the sheet.","Summary says one piece of paper; photo shows two sheets. Minor.","SURE"
"G03_POEM_IN_34_ALBUMS_PAGE_04_OF_13_V10F_W0220__cards_21-30__READER_A.json","436","436","MATCHES","1:UPRIGHT 2:UPRIGHT 3:UPRIGHT","1=[4-3-6 in a row] Pencil sheet 'Well I been burning bridges ... Try not to make things hard, kid'. || 2=[4-3-6 in a row] Blue ink sheet marked GREAT: 'Well I've been burning bridges ... Hollow pleasure hides your pain still remains'. || 3=[4-3-6 in a row] Both sheets together (blue GREAT sheet above, pencil sheet below).","SMALL DIFFERENCES","All typed words are on these two sheets, but the same sheets are typed three times (once per photo), and '[Left column] 6 3 4' is the number blocks misread as text, not lyrics.","NOT FROM THIS SHEET","'My passion keeps calling out my name' is item 431's title. This sheet should be named 'Well I been burning bridges' (first line) or 'Burning Bridges'.","Name belongs to item 431.","SURE"
"G03_POEM_IN_34_ALBUMS_PAGE_04_OF_13_V10F_W0220__cards_21-30__READER_A.json","440","440","MATCHES","1:UPRIGHT","1=[4-4-0 in a row] Small torn notebook page with bubble-letter title 'Just like me' and the poem.","MATCH","Typed words match the sheet line for line.","OK","Title written on the sheet.","","SURE"
"G03_POEM_IN_34_ALBUMS_PAGE_04_OF_13_V10F_W0220__cards_21-30__READER_A.json","442","442","MATCHES","1:UPRIGHT 2:UPRIGHT 3:UPRIGHT","1=[4-4-2 in a row] Both sheets of 'A Perfect World' laid top and bottom, with note 'Inspired on an acid trip...'. || 2=[4-4-2 in a row] Close-up of sheet 1: 'A Perfect World  Indent Right  10/1 20/21', The whole world's a fight... || 3=[4-4-2 in a row] Close-up of sheet 2: 'The brokers in their suits and ties...' plus acid-trip note.","SMALL DIFFERENCES","Mostly matches. A few lines misread: typed 'Life's so short, you've forgotten so soon' - sheet says 'I'm surprised you've forgotten so soon'; typed 'walking away from the heart' - sheet 'walking seperate from the heart'. Rest cut at 1800 chars for this check.","OK","Title written on the sheet.","","SURE"
"G03_POEM_IN_34_ALBUMS_PAGE_04_OF_13_V10F_W0220__cards_21-30__READER_A.json","454","454","MATCHES","1:UPRIGHT 2:UPRIGHT 3:UPRIGHT","1=[4-5-4 in a row] Sheet 'It's ALRIGHT By Brian Rainstorm' with circled verses and yellow highlight. || 2=[4-5-4 in a row (small)] Wide shot of both sheets: It's Alright above, 'Some people will just NEVER get it' / quote / TWELVE WORDS below. || 3=[4-5-4 in a row] Close-up of sheet 2: 'Some people will just NEVER get it...', long quote, 'TWELVE WORDS by Brian Rainstorm'.","SMALL DIFFERENCES","Sheet 1 is typed twice; the second copy of 'IT'S ALRIGHT' is a garbled re-read of the same sheet (e.g. 'goes to show one can plate, which just'). Sheet 2 words are typed (cut at 1800 chars here).","OK","Title written on the sheet.","","SURE"
"G03_POEM_IN_34_ALBUMS_PAGE_04_OF_13_V10F_W0220__cards_21-30__READER_A.json","482","482","MATCHES","1:UPRIGHT","1=[4-8-2 in a row] Lined sheet 'SEVENTH PHOTOGRAPH' poem with yellow sticky note below: 'for this story begins after the fact...'.","TYPED WORDS INCLUDE A SHEET NOT PICTURED","Seventh Photograph + sticky note match the photo. The five later pieces ('Whether or not to serve power...', 'The sun awakes another...', 'I'm the exception to your rule...', 'Since I stopped swimming...', 'See saw...') are on no photo here.","OK","Title written on the sheet.","Summary says sticky note is on the right side; photo shows it at the bottom. Minor.","SURE"
"G03_POEM_IN_34_ALBUMS_PAGE_04_OF_13_V10F_W0220__cards_21-30__READER_A.json","497","497","MATCHES","1:UPRIGHT 2:UPRIGHT","1=[4-9-7 in a row (small)] Three lined sheets stacked: 'Fences... I see more fences' (3 verses), 'I see power serving power...', 'I... challenge you... / They are... deceiving you'. || 2=[4-9-7 in a row] Close-up of top of sheet 1: first two 'Fences' verses and start of the third.","SMALL DIFFERENCES","All three sheets are typed and match. Sheet 1 is typed a second time after the '---' (re-read of the close-up). Small misreads (e.g. 'fencing up' for 'lining up').","OK","Hook/first word written on the sheet.","Photo 1 cuts off the bottom of the third sheet (last lines run out of frame); no close-up of sheets 2 and 3. Summary says one sheet with number cards 'on the left side' - photo shows three sheets, blocks at top. Minor.","SURE"
"G03_POEM_IN_34_ALBUMS_PAGE_04_OF_13_V10F_W0220__cards_21-30__READER_A.json","509","509","MATCHES","1:UPRIGHT 2:UPRIGHT 3:UPRIGHT 4:UPRIGHT 5:UPRIGHT 6:UPRIGHT","1=[5-0-9 in a row] Lined sheet 'Sure she's got some pie on the thigh ... loves me for all that I am'. || 2=[NONE] Lined sheet 'end verse: ... I'm at the base of the mountain' with syllable counts in the margin. || 3=[NONE] Yellow lined note 'Stopping to morn the dead can get you killed around here... That's something'. || 4=[5-0-9 in a row] Two lined sheets: 'I share my darkness with the morning...' and 'Perhaps I'm being too critical...'. || 5=[5-0-9 in a row] Close-up of 'I share my darkness with the morning ... Hope no longer conquers fear'. || 6=[NONE] Close-up of the lower sheet: 'Perhaps I'm being too critical of the society in which we live...'.","MATCH","Pie on the thigh, base of the mountain (with its margin syllable counts), Stopping to morn and I share my darkness are all typed and pictured. Only small misreads. Rest cut at 1800 chars for this check.","OK","First line of the first sheet.","Photos 2 and 3 have no number blocks, so the photos alone cannot tie the mountain sheet and the yellow note to 509 (photo 6 is plainly the lower sheet from photo 4).","FAIRLY SURE"
"G03_POEM_IN_34_ALBUMS_PAGE_05_OF_13_V10F_W0220__cards_01-10__READER_A.json","520","520","MATCHES","1:UPRIGHT 2:UPRIGHT","1=[520] Lined sheet, 4 short lines at top (What do I do if not this... Romans thirteen, two), 'Romans 13 2' written large at bottom || 2=[520] Lined sheet titled GAUGING TIME in bubble letters, full poem","MATCH","Part 1 = photo 1, GAUGING TIME = photo 2. Both typed.","OK","'Romans 13 2' is written large at the bottom of photo 1.","","SURE"
"G03_POEM_IN_34_ALBUMS_PAGE_05_OF_13_V10F_W0220__cards_01-10__READER_A.json","522","522","MATCHES","1:UPRIGHT","1=[522] Lined sheet: I've heard of resurrections but I never believed it / Back for Revenge... / You Never Know x3, with faint pencil lines (Man in the sky, You Never Know) behind","TYPED WORDS INCLUDE A SHEET NOT PICTURED","First typed section 'Feel free to fall in love with my art ... No... i'm not sad...' is on no photo. The 'Man in the sky / You Never Know what kind of fruit' section is only faint pencil on the pictured sheet; the 'I've heard of resurrections' section matches the dark ink.","NOT FROM THIS SHEET","Name comes from the unpictured 'Feel free' text. From this sheet it should be 'I've heard of resurrections but I never believed it' (or hook 'You Never Know').","Faint pencil text on the sheet is hard to read in the photo.","FAIRLY SURE"
"G03_POEM_IN_34_ALBUMS_PAGE_05_OF_13_V10F_W0220__cards_01-10__READER_A.json","528","528","MATCHES","1:UPRIGHT 2:UPRIGHT","1=[528] Hole-punched lined sheet in pink/red ink titled A CHANGE IN THE WEATHER (To pave the way I chop all day...) || 2=[528] Lined sheet in black ink: I spend my life unlocking my brain... (B242 circled top right)","SHEET WORDS NOT TYPED","Typed words are only photo 2 (I spend my life unlocking my brain). Photo 1, A CHANGE IN THE WEATHER (To pave the way I chop all day ... guess our senses weren't too keen), is not typed.","OK","Title of photo 1. But the typed words under it are the other sheet (photo 2), so name and words do not line up.","","SURE"
"G03_POEM_IN_34_ALBUMS_PAGE_05_OF_13_V10F_W0220__cards_01-10__READER_A.json","530","530","MATCHES","1:UPRIGHT 2:UPRIGHT","1=[530] Lined sheet: Change the substance not the shadow... What do I do if not this? with many scribbled edits || 2=[530] Hole-punched lined sheet: I've written four hundred and eighty one poems and songs / I got high hopes...","MATCH","Both sheets typed. Only small misreads in the heavily edited part of photo 1.","OK","First line of photo 1.","","SURE"
"G03_POEM_IN_34_ALBUMS_PAGE_05_OF_13_V10F_W0220__cards_01-10__READER_A.json","531","531","MATCHES","1:UPRIGHT 2:UPRIGHT","1=[531] Lined sheet: As a kid I thought alot... And it's never your fault! || 2=[531] Torn spiral sheet titled CATS & COWS with drawings of a cat and a cow, full poem","SMALL DIFFERENCES","Photo 2 line 'And where not everybody knows' (above the first blacked-out line) is missing from the typed words. Otherwise both sheets typed.","OK","First line of photo 1.","","SURE"
"G03_POEM_IN_34_ALBUMS_PAGE_05_OF_13_V10F_W0220__cards_01-10__READER_A.json","533","533","MATCHES","1:UPRIGHT 2:UPRIGHT 3:UPRIGHT 4:UPRIGHT 5:UPRIGHT 6:UPRIGHT 7:UPRIGHT 8:UPRIGHT 9:UPRIGHT 10:UPRIGHT 11:UPRIGHT 12:UPRIGHT","1=[533] Lined pad page: Here's something those with two jobs already know... || 2=[NONE] Strip of lined paper on white paper: humbility / Sooner, Later, Never - you're gonna get it... (turned copy, reads right way up) || 3=[533] Legal pad page: I AM The Rules / PHYSICAL STRENGTH... Parasites separate from the source || 4=[533] Same I AM The Rules page again, shot from further back || 5=[533 (cut off at top edge, only bottoms of blocks visible)] Pad flipped open: see-through of I AM The Rules above; below: I feed my inner rat... || 6=[533] Pad page: * Eventually you are going to have negative thoughts... * Core Three or Core Four * Danish citizen... roommates? || 7=[NONE] Pad page: Did you know there are five hundred shades of gray... || 8=[NONE] Pad page: I lead the followers / But I play follow the leader... defeater || 9=[NONE] Pad page: Pain only comes when you have nowhere to direct your love to / Wisdom is knowledge sprinkled with love || 10=[NONE] Pad page with one line: Stickout arm lying test (faint see-through writing behind) || 11=[NONE] Pad page: What I Learned in Denmark, numbered list 1-11 || 12=[533] Plain white sheet: I just placed my head inside the stove / Too bad it's electric... (turned copy, reads right way up)","SMALL DIFFERENCES","Typed words are cut at 1800 chars; the part shown matches photos 1-7 in order. Photos 8-12 (I lead the followers, Pain only comes, Stickout arm lying test, What I Learned in Denmark, I just placed my head inside the stove) fall in the cut part and were not checked. Differences seen: I AM The Rules is typed twice (photos 3 and 4 are the same page); 4 lines 'Have you joined programs / I did one campings...' are a guess at faint see-through writing on photo 6, not real lines on the sheet.","OK","First line of photo 1.","Photos 3 and 4 show the same page twice. Photo 5 blocks are cut off at the top edge. Photos 2 and 7-11 have no blocks (other pages of the same pad). Photo 10 is almost blank (one line).","FAIRLY SURE"
"G03_POEM_IN_34_ALBUMS_PAGE_05_OF_13_V10F_W0220__cards_01-10__READER_A.json","535","535","MATCHES","1:UPRIGHT","1=[535] Hole-punched lined sheet: I just got off the phone with a girl, she still loves me... we'll be family again","MATCH","Full sheet typed; only small misreads.","OK","First line of the sheet.","","SURE"
"G03_POEM_IN_34_ALBUMS_PAGE_05_OF_13_V10F_W0220__cards_01-10__READER_A.json","538","538","MATCHES","1:UPRIGHT","1=[538] Torn spiral lined sheet: I've come along, long way the last couple of years... That not just any old hole will do ('grow' at top right)","TYPED WORDS INCLUDE A SHEET NOT PICTURED","Section after '---' ('A man wearing a yellow shirt ... Now the state's guest') is on no photo. The rest matches.","OK","First line of the sheet.","","SURE"
"G03_POEM_IN_34_ALBUMS_PAGE_05_OF_13_V10F_W0220__cards_01-10__READER_A.json","539","539","MATCHES","1:UPRIGHT","1=[539] Torn spiral lined sheet: I'm the kid in the class who likes to clown... older every day","MATCH","Full sheet typed.","OK","First line of the sheet.","","SURE"
"G03_POEM_IN_34_ALBUMS_PAGE_05_OF_13_V10F_W0220__cards_01-10__READER_A.json","540","540","MATCHES","1:UPRIGHT","1=[540] Torn spiral lined sheet: I've given up on feeding my addiction... regrets on the day of your dying","MATCH","Full sheet typed.","OK","First line of the sheet.","","SURE"
"G03_POEM_IN_34_ALBUMS_PAGE_05_OF_13_V10F_W0220__cards_11-20__READER_A.json","543","543","MATCHES","1:UPRIGHT","1=[5-4-3 in a row = 543] Lined notebook sheet, bubble-letter title 'Say anything', three 4-line verses in black ink","MATCH","All three verses match the sheet.","OK","Title 'Say anything' is written at the top of the sheet.","","SURE"
"G03_POEM_IN_34_ALBUMS_PAGE_05_OF_13_V10F_W0220__cards_11-20__READER_A.json","544","544","MATCHES","1:UPRIGHT","1=[5-4-4 in a row = 544] Worn, stained lined sheet in faint pencil, 'I need a curtain' lyric ending '(Cover your windows)'","MATCH","Typed words follow the sheet; only small misreads of faint pencil (e.g. 'He must on me' for 'He mistook me').","OK","First line 'I need a curtain'.","Pencil is faint and smudged, hard to read in places, but the photo is sharp.","SURE"
"G03_POEM_IN_34_ALBUMS_PAGE_05_OF_13_V10F_W0220__cards_11-20__READER_A.json","564","564","MATCHES","1:UPRIGHT","1=[5-6-4 in a row = 564] Spiral-torn lined sheet, 'You gotta trust in what you know' lyric with crossed-out lines","SMALL DIFFERENCES","Typed words include two lines that are crossed out on the sheet ('The only place that I was solitarily confined', 'Calling out everything and hated most people') and the crossed-out 'self absorbed'; 'needing to get burned' is out of place and a stray 'and' ends the text. Rest matches.","OK","First line 'You gotta trust in what you know'.","","SURE"
"G03_POEM_IN_34_ALBUMS_PAGE_05_OF_13_V10F_W0220__cards_11-20__READER_A.json","578","578","MATCHES","1:UPRIGHT","1=[5-7-8 in a row = 578] Lined sheet in cursive, 'I've got a brand new method to my madness', ends at 'As we all seek shelter from this storm'","TYPED WORDS INCLUDE A SHEET NOT PICTURED","Everything after the '---' (morality / society / I'm not living day to day / More like hour to hour / Talent is something... anyone) is not on the pictured sheet - probably the back side. Everything before '---' matches.","OK","First line 'I've got a brand new method to my madness'.","No photo of the second side/sheet that the typed words include.","SURE"
"G03_POEM_IN_34_ALBUMS_PAGE_05_OF_13_V10F_W0220__cards_11-20__READER_A.json","581","581","MATCHES","1:UPRIGHT","1=[5-8-1 in a row = 581] Yellow/manila paper with torn edges, 'I AM ALWAYS ALONE' lyric in black marker","MATCH","All lines match the sheet.","OK","Title/first line 'I AM ALWAYS ALONE'.","","SURE"
"G03_POEM_IN_34_ALBUMS_PAGE_05_OF_13_V10F_W0220__cards_11-20__READER_A.json","585","585","MATCHES","1:UPRIGHT","1=[5-8-5 in a row = 585] Spiral-torn lined sheet in blue ink, 'Sitting here alone' short lyric","MATCH","All lines match the sheet.","OK","First line 'Sitting here alone'.","","SURE"
"G03_POEM_IN_34_ALBUMS_PAGE_05_OF_13_V10F_W0220__cards_11-20__READER_A.json","586","586","MATCHES","1:UPRIGHT","1=[5-8-6 in a row = 586] Spiral-torn lined sheet in cursive, first verse crossed out, 'I searched for a paradise lost' lyric","MATCH","Typed words match the live (not crossed-out) text.","OK","First line 'I searched for a paradise lost'.","","SURE"
"G03_POEM_IN_34_ALBUMS_PAGE_05_OF_13_V10F_W0220__cards_11-20__READER_A.json","587","587","MATCHES","1:UPRIGHT","1=[5-8-7 in a row = 587] Lined sheet in black ink, lyric starting 'With a hundred dollars in my pocket'","MATCH","All five verses match the sheet.","NOT FROM THIS SHEET","'If you wanna make the world better' is nowhere on the sheet. No title written; should be the first line 'With a hundred dollars in my pocket'.","","SURE"
"G03_POEM_IN_34_ALBUMS_PAGE_05_OF_13_V10F_W0220__cards_11-20__READER_A.json","588","588","MATCHES","1:UPRIGHT","1=[5-8-8 in a row = 588] Lined sheet, 'Molly... There's no more hiding' lyric with scribbled-out words and margin notes","MATCH","Typed words follow the sheet including the inserted edits; margin note 'The best accent' not typed (minor).","OK","First line 'Molly... There's no more hiding'.","","SURE"
"G03_POEM_IN_34_ALBUMS_PAGE_05_OF_13_V10F_W0220__cards_11-20__READER_A.json","592","592","MATCHES","1:UPRIGHT","1=[5-9-2 in a row = 592] Lined sheet, title 'TEN PERCENT' crossed out then 'ONE OUTTA TEN', lyric 'Ten percent of the people'","MATCH","All lines match the sheet, crossed-out bits marked.","OK","From the sheet, but 'TEN PERCENT' is crossed out on it; the kept title is 'ONE OUTTA TEN'.","","SURE"
"G03_POEM_IN_34_ALBUMS_PAGE_05_OF_13_V10F_W0220__cards_21-30__READER_A.json","593","593","MATCHES","1:UPRIGHT 2:UPRIGHT","1=[593] Full front of the H2OH sheet, 'Third' in margin, down to 'comatose state'. || 2=[593] Second page: 'If that's the case ... Drowning out all the hate'.","MATCH","Typed words match both pages.","OK","H2OH is the title on the sheet.","","SURE"
"G03_POEM_IN_34_ALBUMS_PAGE_05_OF_13_V10F_W0220__cards_21-30__READER_A.json","596","596","MATCHES","1:UPRIGHT 2:UPRIGHT 3:UPRIGHT","1=[596] Sheet with scribbled-out title and 4 lines: 'When you become freed from the disease of please ... An unwinnable game always trying to score'. Rest of page blank. || 2=[NONE] Close-up of the SOLVING PROBLEMS sheet (item 603): 'My defiance and disdain ... Either WAY'. || 3=[NONE] Close-up of the SOLVING PROBLEMS sheet (item 603): 'You told me the price ... And see that he's afraid of me!'.","WORDS FROM ANOTHER SHEET","Typed words ('Culture vultures circling the sky ... Wrong has always been wrong / But now it was all right') are on no photo here. The 596 sheet's own 4 lines ('When you become freed from the disease of please...') are not typed. Photos 2-3 carry 603's words, not typed here either.","OK","The 596 sheet's title is scribbled out; the word 'unwinnable' is written in its 4th line, so UNWINNABLE fits. The typed title line 'UNWINNABLE by Tom Jonsen' is not visible on the photo.","Photos 2 and 3 are the SOLVING PROBLEMS sheet, which is item 603 (same folds and lines as 603's photos 1-2). They belong on 603 and should come off 596. Summary is generic but not wrong.","FAIRLY SURE"
"G03_POEM_IN_34_ALBUMS_PAGE_05_OF_13_V10F_W0220__cards_21-30__READER_A.json","597","597","MATCHES","1:UPRIGHT","1=[597] Spiral-torn sheet 'The toxicity of publicity has begun rubbing off on me ... Take control and call you free'.","MATCH","Typed words match the sheet.","OK","No title on sheet; name is the first line.","","SURE"
"G03_POEM_IN_34_ALBUMS_PAGE_05_OF_13_V10F_W0220__cards_21-30__READER_A.json","598","598","MATCHES","1:UPRIGHT 2:UPRIGHT 3:UPRIGHT","1=[598] Sheet titled PROCESS (crossed out) / STEADY CALM: 'When we are the many ... You know so well...' plus 'Hence the noose around the neck' at bottom. || 2=[598] Second page, top line scribbled out: 'In this struggle for survival ... It happens every time' then 'Hence the noose around the neck / Legs dangle in front the gable'. || 3=[corner of one block only (a 5), top right] Blank backs of the sheets held up by a hand, paper turned so its lines run up and down. No readable writing.","TYPED WORDS INCLUDE A SHEET NOT PICTURED","The opening 'Summer breeze, such a tease ... Creating puddles I can not cross' and the whole block 'There's a curtain of silence ... Sometimes love heals othertimes it starts the fight' are on no photo. Also the photo 2 lines ('It quickens - the pace of the nation', 'Here at the feast not everybody eats', etc.) fall past the 1800-char cut so could not be checked.","OK","PROCESS is written on the sheet but crossed out; STEADY CALM is written under it as the live title.","Photo 3 shows only blank paper backs and a hand - adds nothing for a buyer.","FAIRLY SURE"
"G03_POEM_IN_34_ALBUMS_PAGE_05_OF_13_V10F_W0220__cards_21-30__READER_A.json","600","600","MATCHES","1:UPRIGHT","1=[600] Folded sheet with bubble title DOWN, full poem to 'this ain't really living'.","MATCH","Typed words match the sheet (crossed-out bits marked illegible).","OK","DOWN is the title on the sheet.","","SURE"
"G03_POEM_IN_34_ALBUMS_PAGE_05_OF_13_V10F_W0220__cards_21-30__READER_A.json","601","601","MATCHES","1:UPRIGHT 2:UPRIGHT 3:UPRIGHT 4:UPRIGHT 5:SIDEWAYS","1=[601] Full HEAVENLY sheet (taped sections) top to 'how 'bout I call you next week'. || 2=[601] Close-up of the top of HEAVENLY to 'Since only sneakers I'm wearing'. || 3=[NONE] Close-up of the middle: 'Put down those toxins ... like I'm Moses in the Red Sea'. || 4=[NONE] Close-up of the lower half: 'With this advice in mind ... next week' with margin notes. || 5=[NONE] The 'turned copy' of the lower-half close-up ('That's where she was ... next week'). The writing runs up the screen - it is SIDEWAYS, not upright (needs a quarter turn clockwise).","SMALL DIFFERENCES","Words match the sheet, but the typed text starts with a stray line 'My personal 6 0 1' (a margin word plus the block digits), and the whole poem is typed twice - the part after '---' is a second reading of the same sheet with margin words merged in.","OK","HEAVENLY is the title on the sheet.","Photo 5 replacement file is SIDEWAYS (file is 900x1200 but still carries EXIF orientation 3, so it displays turned). The current website file (14) actually reads upright as a landscape close-up. Do NOT swap in this 'UPRIGHT' copy.","SURE"
"G03_POEM_IN_34_ALBUMS_PAGE_05_OF_13_V10F_W0220__cards_21-30__READER_A.json","603","603","MATCHES","1:UPRIGHT 2:UPRIGHT","1=[603] Full SOLVING PROBLEMS sheet, bubble title, down to the repeated 'Precision beats power...' chorus. || 2=[603] Close-up of the top of SOLVING PROBLEMS to 'Or else the farmer he's incorrect'.","SMALL DIFFERENCES","Words match the sheet, but the poem is typed twice - the part after '---' is a second reading of the same sheet. First pass skips 'will not evolve'. Byline typed as 'by genn' / 'by [?]' (it is 'by Tom Jensen').","OK","SOLVING PROBLEMS is the title on the sheet.","This same sheet is also pictured as photos 2 and 3 on item 596 (no blocks there). Those two photos belong here.","SURE"
"G03_POEM_IN_34_ALBUMS_PAGE_05_OF_13_V10F_W0220__cards_21-30__READER_A.json","604","604","MATCHES","1:UPRIGHT 2:UPRIGHT 3:UPRIGHT","1=[604] Full RUNNING FREE sheet, bubble title, to the closing repeat 'A distant memory of running free'. || 2=[604] Close-up of the top half to 'let too many voices in your head'. || 3=[NONE] Close-up of the lower half 'Remember everyone who smiles at you ... running free'.","SMALL DIFFERENCES","Words match the sheet, but the poem is typed twice - the part after '---' is a second reading of the same sheet.","OK","RUNNING FREE is the title on the sheet.","","SURE"
"G03_POEM_IN_34_ALBUMS_PAGE_05_OF_13_V10F_W0220__cards_21-30__READER_A.json","605","605","MATCHES","1:UPRIGHT 2:UPRIGHT 3:UPRIGHT","1=[605] Full EITHER WAY sheet, bubble title, to 'Either way no regrets'. || 2=[605] Close-up of the top half to 'The value of reality lies in immaterialality'. || 3=[NONE] Close-up of the lower half 'No family lives near me ... Either way no regrets'.","MATCH","Typed words match the sheet.","OK","EITHER WAY is the title on the sheet.","","SURE"
"G03_POEM_IN_34_ALBUMS_PAGE_05_OF_13_V10F_W0220__cards_21-30__READER_A.json","607","607","MATCHES","1:UPRIGHT","1=[607] Full CUTIE PIE sheet, bubble title, to 'From now until forever'.","MATCH","Typed words match the sheet.","OK","CUTIE PIE is the title on the sheet.","","SURE"
"G03_POEM_IN_34_ALBUMS_PAGE_06_OF_13_V10F_W0220__cards_01-10__READER_A.json","608","608","MATCHES","1:UPRIGHT","1=[608] Full lined sheet, DIRT by Tom Jensen, with blocks 6-0-8 above it.","MATCH","Typed words follow the sheet line for line, margin inserts included.","OK","DIRT is the title drawn on the sheet.","Summary says 'a slip of torn white paper'; the photo shows a full sheet of lined notebook paper.","SURE"
"G03_POEM_IN_34_ALBUMS_PAGE_06_OF_13_V10F_W0220__cards_01-10__READER_A.json","609","609","MATCHES","1:UPRIGHT 2:UPRIGHT 3:UPRIGHT","1=[609] Whole unfolded ROCK STAR DREAMS sheet with blocks 6-0-9. || 2=[609] Top half of the same ROCK STAR DREAMS sheet, closer. || 3=[NONE] Lower half of the same sheet, ending 'an occupation that's pleasing'.","MATCH","Matches the sheet. Only misreads: byline typed 'by tony genser' (sheet: by Tom Jensen) and 'since the age of seven' (sheet adds 'twenty').","OK","ROCK STAR DREAMS is the title drawn on the sheet.","","SURE"
"G03_POEM_IN_34_ALBUMS_PAGE_06_OF_13_V10F_W0220__cards_01-10__READER_A.json","610","610","MATCHES","1:UPRIGHT 2:UPRIGHT 3:UPRIGHT 4:UPRIGHT 5:UPRIGHT","1=[610] Whole unfolded RAT PARK sheet (6/2/18, by Tom Jensen). || 2=[610] Top half of the RAT PARK sheet, closer. || 3=[610] A second sheet, OTHER TIMES by Tom Jensen, whole and unfolded. || 4=[610] Top half of the OTHER TIMES sheet, closer. || 5=[NONE] Lower half of the RAT PARK sheet.","MATCH","Visible text is RAT PARK and matches. Past the 1800-char cut, the full page text also types OTHER TIMES (photos 3-4), checked in the page TXT twin. Each poem is typed twice, once per photo.","OK","RAT PARK is the title of the first sheet. The piece also includes a second sheet titled OTHER TIMES.","Two different poems (RAT PARK and OTHER TIMES) both carry 610 blocks, so the card shows two sheets. Typed words repeat each poem twice, so a buyer reads everything two times.","SURE"
"G03_POEM_IN_34_ALBUMS_PAGE_06_OF_13_V10F_W0220__cards_01-10__READER_A.json","611","611","MATCHES","1:UPRIGHT","1=[611] Full lined sheet starting 'The dazzling darkness caresses the silence', with blocks 6-1-1.","MATCH","Typed words follow the sheet.","OK","First line of the sheet (no title on it).","","SURE"
"G03_POEM_IN_34_ALBUMS_PAGE_06_OF_13_V10F_W0220__cards_01-10__READER_A.json","612","612","MATCHES","1:UPRIGHT","1=[612] Full lined sheet starting 'I can do better than I'm doin' now', with blocks 6-1-2.","MATCH","Typed words follow the sheet.","OK","First line of the sheet (no title on it).","","SURE"
"G03_POEM_IN_34_ALBUMS_PAGE_06_OF_13_V10F_W0220__cards_01-10__READER_A.json","613","613","MATCHES","1:UPRIGHT 2:CANT TELL","1=[613] Full lined sheet, Wheat and Chaff by Tom Jensen, with blocks 6-1-3. || 2=[613 (only the 1 and 3 in frame, cut off at top right)] Back of the sheet lying at a steep slant (about 45-50 degrees). Only faint mirror-image show-through of the front writing; nothing readable. The partial blocks read the right way up, but the sheet itself has no normal way up at this angle.","SMALL DIFFERENCES","Body matches. The last six lines are typed in scrambled order: the sheet reads 'Let us raise our glass to the past / For the cries / And to the laughs / Both the wheat and chaff / For what was left undone / For what can't be taken back'.","OK","Wheat and Chaff is the title drawn on the sheet.","Photo 2 shows a nearly blank, slanted back of the sheet (show-through only). It adds little for a buyer.","FAIRLY SURE"
"G03_POEM_IN_34_ALBUMS_PAGE_06_OF_13_V10F_W0220__cards_01-10__READER_A.json","614","614","MATCHES","1:UPRIGHT 2:UPRIGHT","1=[614] Full lined sheet, RIVAL by Tom Jensen, with blocks 6-1-4. || 2=[NONE (only the edge of one block at top, unreadable)] Angled close-up of the same RIVAL sheet, tilted about 30 degrees and cropped on the right. Reads left to right. A quarter turn would not help.","SMALL DIFFERENCES","First block matches the sheet. The second block (after ---, headed 'RIVEN') re-types the same sheet from the cropped, angled photo 2: title misread, line ends cut off, lines merged.","OK","RIVAL is the title drawn on the sheet.","A buyer sees the poem twice, and the second copy is garbled under the wrong title 'RIVEN'.","SURE"
"G03_POEM_IN_34_ALBUMS_PAGE_06_OF_13_V10F_W0220__cards_01-10__READER_A.json","615","615","MATCHES","1:UPRIGHT 2:UPRIGHT 3:UPRIGHT","1=[615] Handwritten MULTIVERSE draft (grilled cheese / barbeque version) with blocks 6-1-5. || 2=[615 (only 1 and 5 visible; the 6 is hidden under a curled sheet)] A second handwritten MULTIVERSE draft ending with the Dante's Inferno lines. || 3=[615 (only the 5 and the edge of the 1 visible)] Printed MULTIVERSE by Tom Jensen with handwritten edits, on lined paper with handwritten lines below.","MATCH","All three versions are typed (text cut at 1800 chars for the check). Only slip: the draft 1 typing skips the line 'Fuck the trophy for participation'.","OK","MULTIVERSE is the title on all three sheets.","","SURE"
"G03_POEM_IN_34_ALBUMS_PAGE_06_OF_13_V10F_W0220__cards_01-10__READER_A.json","616","616","MATCHES","1:UPRIGHT","1=[616] Full lined sheet, GATE KEEPER by Tom Jensen, with blocks 6-1-6.","TYPED WORDS INCLUDE A SHEET NOT PICTURED","The first part, 'All my inner turmoil is at peace / I slayed the dragon, I conquered the beast' plus stray digits 6 1 6, is on no photo here. The GATE KEEPER part matches, though two lines are swapped ('I bet the girls...' comes before 'And this whole time the feds...' on the sheet).","OK","GATE KEEPER is the title drawn on the sheet.","The summary ('small, separate pieces of white paper') describes a photo not on this card. The only photo is a full lined sheet.","SURE"
"G03_POEM_IN_34_ALBUMS_PAGE_06_OF_13_V10F_W0220__cards_01-10__READER_A.json","627","627","MATCHES","1:UPRIGHT","1=[627] Spiral-torn lined notebook sheet starting 'You can't burn what's already been burned', with blocks 6-2-7.","TYPED WORDS INCLUDE A SHEET NOT PICTURED","The first part, 'I, I dont want to lie to you ... but now there's no use' plus stray digits 6 2 7, is on no photo here. The 'You can't burn...' part matches the sheet.","OK","First line of the sheet (no title on it).","The summary ('white cardboard with a vertical crease and damaged edges') does not match the photo, which shows a spiral-torn lined notebook sheet. It seems to describe a photo not on this card.","SURE"
"G03_POEM_IN_34_ALBUMS_PAGE_06_OF_13_V10F_W0220__cards_11-20__READER_A.json","637","637","MATCHES","1:UPRIGHT","1=[6-3-7 in a row = 637] Lined sheet starting 'You'll find when they kick your dick in the dirt', plus scattered phrases (Go fuck your brother-in-law's wife, Bread and circuses, Play stupid games win stupid prizes, It feels guilty to laugh).","TYPED WORDS INCLUDE A SHEET NOT PICTURED","The first part of typed_words ('COLORS / It's black and white / That you're black and blue ... you're about ready to fold') is on no photo; the pictured sheet only has the part after the '---' ('You'll find when they kick...' to 'IT feels guilty to laugh'). Minor misreads: sheet says 'won't buy back your self worth' and 'Go fuck your brother-in-law's wife'.","NOT FROM THIS SHEET","'COLORS' is not written on the pictured sheet. From this sheet: 'You'll find when they kick your dick in the dirt'. (COLORS may be the back side, which has no photo.)","Summary mentions a coffee stain; none plainly visible. Back side / COLORS sheet has no photo.","FAIRLY SURE"
"G03_POEM_IN_34_ALBUMS_PAGE_06_OF_13_V10F_W0220__cards_11-20__READER_A.json","661","661","MATCHES","1:UPRIGHT","1=[6-6-1 in a row = 661] White sheet with printed poem 'Caught up in the rat race of time', four handwritten lines below it, and a handwritten rhyme word list (fantasy, divorcee, franchise...) top right.","MATCH","Poem and word list match the sheet (small misreads only, e.g. 'manner' for 'manatee', 'bagging' for 'begging').","OK","First line of the poem.","Summary says 'oriented landscape'; the photo is portrait and upright.","SURE"
"G03_POEM_IN_34_ALBUMS_PAGE_06_OF_13_V10F_W0220__cards_11-20__READER_A.json","695","695","MATCHES","1:UPRIGHT","1=[6-9-5 in a row = 695 (edge of another block cut off at top right corner)] Lined sheet, 'Before you come around here ... Why? I've died for a purpose', rest of the page blank.","TYPED WORDS INCLUDE A SHEET NOT PICTURED","Only the first section (to 'Why? I've died for a purpose') is on the photo. Everything after the first '---' ('When you become freed from the disease of please...', 'and see that hes afraid of me', 'my defiance and disdain...', 'You told me the price...') is on no photo here.","OK","First line of the sheet.","Summary says three number cards 'on the left side'; they are across the top.","SURE"
"G03_POEM_IN_34_ALBUMS_PAGE_06_OF_13_V10F_W0220__cards_11-20__READER_A.json","700","700","MATCHES","1:UPRIGHT","1=[7-0-0 in a row = 700] White printer paper, handwritten poem 'I found a cat living in a boat'.","MATCH","Typed words match the sheet.","OK","First lines of the poem.","","SURE"
"G03_POEM_IN_34_ALBUMS_PAGE_06_OF_13_V10F_W0220__cards_11-20__READER_A.json","734","734","MATCHES","1:UPRIGHT","1=[7-3-4 in a row = 734] Lined notebook sheet titled 'THE END OF TIME', poem 'Your eyes are so beautiful'.","MATCH","Typed words match the sheet.","OK","Title written on the sheet.","","SURE"
"G03_POEM_IN_34_ALBUMS_PAGE_06_OF_13_V10F_W0220__cards_11-20__READER_A.json","745","745","MATCHES","1:UPRIGHT","1=[7-4-5 in a row = 745] Lined sheet, poem starting 'I've wrote too many sad, sad songs'.","MATCH","Typed words match the sheet.","NOT FROM THIS SHEET","'38 dear guitar' is not written anywhere on the sheet (looks like a list/file note). From the sheet: 'I've wrote too many sad sad songs'.","","SURE"
"G03_POEM_IN_34_ALBUMS_PAGE_06_OF_13_V10F_W0220__cards_11-20__READER_A.json","754","754","MATCHES","1:UPRIGHT","1=[7-5-4 in a row = 754] Lined sheet titled 'No Rhyme or Reason', poem 'When a cool palm melts into cold steel ... the child of indifference's treason'.","MATCH","Typed words match the sheet (small misreads only, e.g. sheet has 'eyes full of blood are suddenly revealed', 'cannot be concealed').","OK","Title written on the sheet.","Summary says 'oriented sideways'; the photo (turned copy) is upright.","SURE"
"G03_POEM_IN_34_ALBUMS_PAGE_06_OF_13_V10F_W0220__cards_11-20__READER_A.json","795","795","MATCHES","1:UPRIGHT","1=[7-9-5 in a row = 795] Lined sheet, 'With this dark sky foreshadowing impending doom' with syllable counts 6/8/5 in the margin; rest of page blank.","TYPED WORDS INCLUDE A SHEET NOT PICTURED","Only the first section (to 'But now there's only clouds') is on the photo. Everything after the '---' ('The toxicity of publicity...', 'The camaraderie between authority...', 'Don't be black at night...') is on no photo here.","OK","First line of the sheet.","","SURE"
"G03_POEM_IN_34_ALBUMS_PAGE_06_OF_13_V10F_W0220__cards_11-20__READER_A.json","797","797","MATCHES","1:UPRIGHT","1=[7-9-7 in a row = 797] Spiral-torn lined sheet, poem 'The only face I see in the mirror ... Me, myself and I'.","MATCH","Typed words match the sheet.","OK","First line of the poem.","","SURE"
"G03_POEM_IN_34_ALBUMS_PAGE_06_OF_13_V10F_W0220__cards_11-20__READER_A.json","905","905","MATCHES","1:UPRIGHT","1=[9-0-5 in a row = 905] Lined sheet with 7 lines 'Well kid, you've finally paid your dues ... So now what the hell you gonna do?' with A/B rhyme letters in the margin; rest of page blank.","TYPED WORDS INCLUDE A SHEET NOT PICTURED","Most of typed_words is 'I share my darkness with the morning' (three versions/sections) - none of that is on this photo. Only the last section ('Well kid, you've finally paid your dues...') is on the pictured sheet.","OK","First line of the pictured sheet.","Summary says 'oriented horizontally' with number cards 'to the left'; photo is portrait and upright with the cards across the top.","SURE"
"G03_POEM_IN_34_ALBUMS_PAGE_06_OF_13_V10F_W0220__cards_21-26__READER_A.json","906","906","MATCHES","1:UPRIGHT","1=[9-0-6 in a row] White sheet with two handwritten lines only: 'Throw enough shit and what sticks' and 'Goodnight... Say hello to the sun for me'.","TYPED WORDS INCLUDE A SHEET NOT PICTURED","Only the first two lines (Throw enough shit... / Goodnight... Say hello to the sun for me) are on the photo. Everything after the first '---' (ROCK STAR DREAMS by tom gender, two versions) is on no photo of this card - maybe the back of the sheet, not photographed.","NOT FROM THIS SHEET","ROCK STAR DREAMS is not written on the pictured sheet. From the sheet it would be 'Throw enough shit and what sticks' (first line) or 'Goodnight... Say hello to the sun for me'.","Buyer sees an almost blank sheet with two lines while the card carries a full song. If ROCK STAR DREAMS is on the back, that photo is missing.","SURE"
"G03_POEM_IN_34_ALBUMS_PAGE_06_OF_13_V10F_W0220__cards_21-26__READER_A.json","956","956 (photo 2); photo 1 reads 952","DIFFERENT NUMBER","1:UPRIGHT 2:UPRIGHT","1=[9-5-2 in a row (third square is a looped 2, not a 6)] White sheet, handwritten: 'The Next wave, you watch it break and then come tumbling down / You stay awake,'. || 2=[9-5-6 in a row] White sheet, handwritten and crossed out with big X marks: 'The last words I heard from you... Given time all things must past / The path of life can be a rocky road...'.","TYPED WORDS INCLUDE A SHEET NOT PICTURED","First part of typed words ('And People / The minority of the oppulent pay space takers... want') is on no photo. Second part ('The last words I heard from you...') matches photo 2. Photo 1's words ('The Next wave, you watch it break...') are not typed.","NOT FROM THIS SHEET","Name comes from photo 1, which is item 952's sheet. Item 956's sheet (photo 2) starts 'The last words I heard from you'.","Photo 1 shows blocks 9-5-2 - it is item 952's piece and should come off this card. Card name was taken from that wrong photo.","SURE"
"G03_POEM_IN_34_ALBUMS_PAGE_06_OF_13_V10F_W0220__cards_21-26__READER_A.json","995","995","MATCHES","1:UPRIGHT","1=[9-9-5 in a row] Lined notebook sheet, handwritten '7/8ths' - Lately I've been walking on eggshells... God came along and dropped a bombshell. Faint show-through from the back in the lower half.","TYPED WORDS INCLUDE A SHEET NOT PICTURED","The 7/8ths part matches the photo. Everything after '---' (UNDEFEATED by Tom Jensen, 'I AINT GOT NO PLANS this minute...') is on no photo of this card.","OK","7/8ths is the title written on the sheet.","Faint writing shows through from the back of the sheet (reversed); if UNDEFEATED is on the back, that photo is missing.","SURE"
"G03_POEM_IN_34_ALBUMS_PAGE_06_OF_13_V10F_W0220__cards_21-26__READER_A.json","1495","partial only: squares at the right edge, tilted - a '1' at mid-right, one square hidden under the sheet, two tilted squares at bottom right (one looks like a 4 or 7, one a small loop like 9/6/0)","CANT READ","1:UPRIGHT","1=[partial squares at the right edge, cut off/tilted/one covered; no clean row or column] Typed sheet 'GROOVE BACK II   SONG 55' with blue handwritten note 'Find the song 57 put here'. Part of another typed sheet 'IN FRONT OF THE MAN song 18' at the bottom and cut-off edge of a third sheet at left.","SMALL DIFFERENCES","GROOVE BACK II text and the blue note match. But typed words also include the neighbouring sheet 'IN FRONT OF THE MAN song 18' (bottom of photo) and cut-off scraps from the left-hand sheet ('ners, more or', 'rld and every', 's to survive?', 'ed, ot', 'by haters') - those are other sheets in the frame, not this piece.","OK","GROOVE BACK II SONG 55 is printed at the top of the sheet.","No clear number blocks - the only squares are cut off at the photo edge and may belong to the 'IN FRONT OF THE MAN' sheet beside it. Cluttered shot with other sheets overlapping.","FAIRLY SURE"
"G03_POEM_IN_34_ALBUMS_PAGE_06_OF_13_V10F_W0220__cards_21-26__READER_A.json","1628","1628","MATCHES","1:UPRIGHT 2:UPRIGHT 3:UPRIGHT 4:SIDEWAYS","1=[1-6-2-8 in a row] Typed 'ZIONATION lyrics list' (15 titles), NOBLE PLACE HATE song 17, KAYFABE song 56, purple handwriting 'This is 2nd to Last version', paper clip. || 2=[1-6-2-8 in a row] Next typed page: (3) BRIBE THE POOR BLACKMAIL THE RICH, (4) BEFORE NOAH, (5) SUN, MOON AND TRUTH, (6) STRAWMAN; page corner lifted by a finger showing purple handwriting. || 3=[1-6-2-8 in a row] Typed page CATCH A STRAY (con't) with handwritten note 'And then everybody fucking move there!!!'. || 4=[small column at right, reads 1-6-2-8 top to bottom (tiny, hard to read)] Far shot of a board covered with many typed sheets with circled numbers. The room looks level but every sheet's writing runs up/down the screen; text too small to read.","SHEET WORDS NOT TYPED","Typed words cover photo 1 only (list, Noble Place Hate, Kayfabe, '2nd to Last version'). Photo 2 (Bribe the Poor, Before Noah, Sun Moon and Truth, Strawman) and photo 3 (Catch a Stray con't + handwritten note) are not typed.","OK","Sheet heading reads 'ZIONATION lyrics list'.","Photo 4 turned copy is still SIDEWAYS for the writing - the sheets and the 1-6-2-8 column only read right after a further quarter turn (likely to the left). Photo 4 is a distant, unreadable board shot.","FAIRLY SURE"
"G03_POEM_IN_34_ALBUMS_PAGE_06_OF_13_V10F_W0220__cards_21-26__READER_A.json","1730","1730","MATCHES","1:UPRIGHT 2:UPRIGHT 3:UPRIGHT 4:UPRIGHT 5:UPRIGHT 6:UPRIGHT 7:UPRIGHT 8:UPRIGHT 9:UPRIGHT 10:UPRIGHT 11:UPRIGHT 12:UPRIGHT 13:UPRIGHT 14:UPRIGHT 15:UPRIGHT","1=[1-7-3-0 in a row (the 1 cut at left edge)] Typed 'ALBUM 34 BI RIDE OR DIE' track list with handwritten 'New order' and circled numbers; edges of SONG THREE FOUR PILLS A DAY, ACT FASTING, MY FAN FICTION. || 2=[column 1-7-3-0 (top to bottom) plus dozens of loose single number squares scattered on the board] Room shot of the photo board: white sheet on a tall board, loose number squares, a handwritten 'Choice Architecture' card, lamp and cabinet. No lyric sheets of this piece. || 3=[none] Typed sheets: SONG SIX RISK GENES, 'Sometimes it may be...', SONG ONE YOU'RE A WHORE MRS. R, SONG FIVE BI THREE-MONTH GIRL, SONG FOUR LIKE AN ANGEL (partial). || 4=[none] Typed sheets: SONG 10 I M BI RIDE, WALLFLOWER POOP (circled 6), DAYLIGHT SAVINGS, others partial. || 5=[1-7 and part of a third square at top; one loose '7' square lying at bottom left] Spread of typed sheets: GROOVE BACK II, ANOTHER EPIC POEM (placed at an angle), SONG THREE FOUR PILLS A DAY, SONG 9 DRAINING BALLS, edge of the album list. || 6=[none] Album 34 list ('New order'), ACT FASTING, MY FAN FICTION, SONG 16 READING I BLOW (RAINBOW), STARS AND STRANGERS at an angle. || 7=[none] Sheets scattered at many angles: typed 'ALBUM 33 ZIONATION' keep-list at top, SONG SEVEN SLINGING LINES, SONG 13 GRINDR DIARIES, SONG 15 I'VE BEEN SLAPPIN, SONG 14 ALEX JONES, WHEN YOU'RE HAMMERED. Main sheet at top reads level; others tilted as laid out. || 8=[loose squares '2' and '5' at right edge, not a set] TONY'S SONG, ME AND TOM CRUISE, PERFECT, WHEN YOU'RE HAMMERED, ALEX JONES IN A RABBIT HOLE, corner of album 32 track list. || 9=[loose squares '5' and '8' at top plus blank squares, not a set] DIDDY MOCUMENTARY PARODY, RECKLESS GIRLS (partial), TONY'S SONG, ME AND TOM CRUISE. || 10=[loose squares '7' and '5' at right edge, not a set] CLOSURE / AFTERMATH, KILL THE SEED, RECKLESS GIRLS, ALBUM THIRTY TWO 32 track list (at an angle), SONG 16 READING I BLOW. || 11=[1-7-3 in a row (0 cut off at right)] SONG THREE FOUR PILLS A DAY close-up, edge of Album 34 list and ANOTHER EPIC POEM. || 12=[none] Room floor: pile of papers and folders on a carpet, shoes, cables, crate, lamp stand. Not this piece. || 13=[none] Thick stack of paper on a wire shelf with red handwritten note 'Labor intensive to sort... 400' and a 'Check files' note. Not this piece. || 14=[none] Another paper stack on a wire shelf with 'Check files' note, SKECHERS box below. Not this piece. || 15=[none] Paper stack on a shelf (title lists lying sideways on top) with 'Check files' note, tape roll below. Not this piece.","MATCH","Typed words follow photo 1 (list, 'New order', edges of ACT FASTING, MY FAN FICTION, FOUR PILLS A DAY) then photo 3 (Sometimes it may be, SONG ONE, SONG FIVE BI) as far as the 1800-char cut. Several lines are half-words copied from sheet edges ('Lately I've been fee', 'n secretly straight'); circled-number list skips a 12 and a 2.","OK","ALBUM 34 / BI RIDE OR DIE is the heading of the track list sheet.","Photos 12-15 are not this piece (floor pile, shelf paper stacks with 'Check files' notes). Photo 2 is a room/setup shot with loose number squares. Photos 7-10 mostly show other albums' sheets (ALBUM 33 ZIONATION list, ALBUM 32 track list, Tony's Song, Diddy, Reckless Girls, Kill the Seed). Loose stray number squares (2, 5, 7, 8) in photos 5, 8, 9, 10.","FAIRLY SURE"
"G03_POEM_IN_34_ALBUMS_PAGE_06_OF_13_V10F_W0220__cards_27-27__READER_A.json","1731","1731 (photo 1, clear row 1-7-3-1). Photo 5 shows 1-7 partly, blurry. Photo 2 shows five blocks 1-7-3-1-2. Photo 22 shows four blocks 1-7-3-2 = 1732.","DIFFERENT NUMBER","1:UPRIGHT 2:SIDEWAYS 3:UPRIGHT 4:UPRIGHT 5:UPRIGHT 6:SIDEWAYS 7:UPRIGHT 8:SIDEWAYS 9:UPRIGHT 10:UPRIGHT 11:UPRIGHT 12:UPRIGHT 13:UPRIGHT 14:UPRIGHT 15:UPRIGHT 16:UPRIGHT 17:UPRIGHT 18:UPRIGHT 19:UPRIGHT 20:SIDEWAYS 21:UPRIGHT 22:SIDEWAYS","1=[1731] Handwritten ZIONATION list on notebook paper, 20 numbered lines, blocks 1-7-3-1 above it. Edge of SONG 14 sheet at right, 137 slip at bottom. || 2=[1-7-3-1-2 (five blocks)] BI ALBUM label with printed slips (230), (408) HEY RAY, 215, (33), (285) THE GRINDR DIARIES. Not Zionation. The turned copy is sideways. The original file 20260823_161934.jpg opens upright. || 3=[none] Printed sheet SONG 67 CATCH A STRAY, full lyrics in two columns. || 4=[none] Printed sheet POINT MY FINGER SONG 53 with handwritten 'Fatalistic Fairytales' in blue ink. || 5=[1-7 partly visible, blurry] Very blurry shot of the ZIONATION list, Song 65 SOME WILL SAY, Song 57 FIND THE..., and a quote slip. Unreadable. || 6=[none] Zionation slips: KAYFABE song 56, (127), HEROES ARE GONE, I SEE CAMERAS ON, (229), ASSORTED ZIONATION LYRICS, 137, BEFORE NOAH, STRAWMAN, (224). The turned copy is sideways. The original file 20260823_161513.jpg opens upright. || 7=[none] Printed sheet SONG 14 (12.2025 phone lyrics) ONE STEP HIGHER, full lyrics. || 8=[none] Zionation slips: SONG 52 SUN, MOON AND TRUTH, (224, six of eight), (471) UNBENDABLE SOLDIERS, NOBLE PLACE HATE song 17. The turned copy is sideways. The original file 20260823_161521.jpg opens upright. || 9=[stray loose blocks at right edge: 6, 9 (or 6 on its side), 6, 0; part of a block under the sheet] Printed slips BRIBE THE POOR BLACKMAIL THE RICH (776, 13b of 30) and 135 KEEPING COOL, edge of SONG 14 at left. || 10=[none] Dirty-joke slips (302), (379) LONG SCREW, (426), (92), (384) NICE TITS, (337), EVERYONE YOU LOVE crossed out in red, (232). Not Zionation. || 11=[none] BI ALBUM label with slips (230), (408) HEY RAY, 215, (21), (23), (*), (481) LANDSCAPER'S DREAM. Blurry. Not Zionation. || 12=[none] Slips (286), (205), JUST THE TIP (750), (379), (92), (384), (337), Grindr lines. Blurry. Not Zionation. || 13=[none] Printed sheet 540 DANCE CLUB WHORE, 632 LOOKING FOR A CUTIE, 585, 596 COLLEGE TRY, 630, 676 SAFETY OFF, T FOR AND T. Not Zionation. || 14=[none] Slips CRACK THOSE LEGS, SLAPPY MCDICKSTICK, NEW TRICKS, PINKY IN HER ASS, GRINDR DIARIES, THE 69ER, DANCE FOR ME, WHORE TOWN, YOUR DAUGHTER'S BATH. Not Zionation. || 15=[none] Sheet CUCKHOLD, HIGHLIGHTER - SEXY DIRTY LYRICS, (79), (66), (37), (75), (107), (340), (324), (341), (346), (320), (343), (327), (322), (313). Not Zionation. || 16=[a 7 block and part of another block half hidden under the sheets; not a full number] SEWN SAUSAGE SANDWICH song 64, ASSORTED LYRICS BI ALBUM (228), (233), (363), (314), (9), (359), (416) SCREWING AROUND, (474) WHACK A MOLE. Not Zionation. || 17=[stray loose blocks: 6, 5 (on its side), 0, edge of a 1] Sheet (338), (21), (284) in the style of the DOORS, (293). Not Zionation. || 18=[none] Sheet CUCKHOLD, I SAW HER MOM, SIXTY-EIGHT AND ONE I OWE YOU, HOOKER WITH NO TEETH, TELL YOUR SISTER I SAID HI, LICKING BUMS, STAMP TRADE, SLUTTY BUT WILLING, 539. Not Zionation. || 19=[edges of blocks at top, not readable] Slip I M GOING TOO (32, one of eight), with the end of a dirty slip above. Part of the BI album spread, not Zionation. || 20=[none] Slips (239, six of eight) and THREE HOLES (48, two of eight). Not Zionation. The turned copy is sideways. The original file 20260823_162018.jpg opens upright. || 21=[none] Slips YOU LINE THEM UP (38), YOU MOTHERFUCKING NUT SLUT (41), CRACK THOSE LEGS (190), (203) Doug Stanhope quote. Not Zionation. || 22=[1732] Wide shot of a whole spread of printed sheets on a bed (SONG NUMBER 11 BITS AND PIECES, FAIRYTALES, BURIED TREASURE, SONG 14 and others) with blocks 1-7-3-2. The turned copy is sideways. The original file 20260823_162908.jpg opens as a correct wide landscape shot.","SHEET WORDS NOT TYPED","Typed words match photo 1 (ZIONATION list) and photo 3 (CATCH A STRAY). Small differences in the list: the sheet numbers Kayfabe as 1, the typed list starts its numbers at 'I see cameras'; 'one step higher' typed as 'step higher'; 'Noble place hate' typed as 'Noble place bet'. SONG 14 appears only as the cut-off line starts seen at the edge of photo 1, but photo 7 shows the full song. Photos 4, 6, 7, 8, 9 (Point My Finger, Song 14, the Zionation slips) could not be confirmed because the typed text is cut at 1800 chars. The BI ALBUM / sexy dirty lyrics sheets in photos 2 and 10-21 are not in the typed words; they belong to another piece.","OK","ZIONATION is the title written at the top of the handwritten list in photo 1.","Photos 2 and 10-21 show the BI ALBUM / 'Highlighter - sexy dirty lyrics' sheets, a different piece. Photo 2 blocks read 1-7-3-1-2 and photo 22 blocks read 1-7-3-2 (item 1732), so photos 2, 10-22 most likely belong on 1732, not 1731. Photo 22 is a wide shot of that 1732 spread. The turned 'UPRIGHT' copies for photos 2, 6, 8, 20 and 22 are sideways, but their original website files open the right way up when read here, so the turn made them worse; keep the originals. Photo 5 is too blurry to read. Photos 11 and 12 are soft/blurry. Photos 9 and 17 show loose stray number blocks from other items (6, 9/6, 6, 0 and 6, 5, 0) lying at the edges.","FAIRLY SURE"
"G03_POEM_IN_34_ALBUMS_PAGE_06_OF_13_V10F_W0220__cards_28-29__READER_A.json","1732","1732","MATCHES","1:SIDEWAYS 2:UPRIGHT 3:UPRIGHT 4:UPRIGHT 5:UPRIGHT 6:UPRIGHT 7:SIDEWAYS 8:UPRIGHT 9:UPRIGHT 10:UPRIGHT 11:SIDEWAYS 12:UPRIGHT","1=[1-7-3-2 (column, read bottom to top) = 1732] GROOVE BACK II SONG 55 sheet and FOUR PILLS A DAY sheet with the number blocks. Printed text runs up the screen (phone turn tag), needs a quarter turn. || 2=[NONE] End of Groove Back II (were wrong / new refrain), 'Probably can't when any tool...keep your cool' sheet, ROOFER OR TRUTHER, NETWORK DECAY, EANIE MEANIE; edge of 'I need a blender'. || 3=[NONE] End of SOME WILL SAY, TV STATIONS CAN BE FRIENDS (149), SEWN SAUSAGE SANDWICH song 64, FOUR PILLS A DAY (two printouts). || 4=[NONE] SONG 14 (12.2025 phone lyrics) ONE STEP HIGHER, full sheet. || 5=[NONE] Sheet ending 'of actions that can't be taken back' with handwritten 'Slowly driving insane by a holographic society'; SONG NUMBER 11 (797, 15b of 30) BITS AND PIECES WHORE SONG. || 6=[NONE] SONG 61 IT WILL GROW BACK, (432) FAIRYTALES, (488) BURIED TREASURE, (7) Revolutionary Shifts, 226, SONG 51 with handwritten 'Why', CLOSURE. || 7=[1 and the edge of a second block (part of 1732 row)] KEEPING COOL (771), SONG 65 SOME WILL SAY, DIDDY MOCUMENTARY PARODY song 58, TV STATIONS, SEWN SAUSAGE, FOUR PILLS. This turned copy is sideways; the original file 20260823_162937.jpg already shows upright (landscape). || 8=[NONE] SONG 57 FIND THE ___ with handwritten 'Groove Back II song 55 put here', edits 'that lasts' and 'become'; (67), (77), (464) SO SORRY, (467) TAKE NO PRISONERS, (436) ARUNDHATI ROY. || 9=[partly hidden, tilted blocks at right edge - cannot read (do not look like 1-7-3-2)] A second GROOVE BACK II SONG 55 printout (first half only) with handwritten 'Find the ___ song 57 put here'; top of IN FRONT OF THE MAN. || 10=[edge of one block at top, unreadable] IN FRONT OF THE MAN song 18, full sheet. || 11=[NONE] Blurry: end of EANIE MEANIE, 'I need a blender', PLANKTON (763, 13 of 30), edge of SONG 14. This turned copy is sideways; the original file 20260823_162951.jpg already shows upright (landscape). || 12=[NONE] Very blurry, unreadable: the BITS AND PIECES sheet and the 'Slowly driving insane' sheet (same view as photo 5).","SMALL DIFFERENCES","Typed part matches photos 1-2 (Groove Back II, Four Pills, keep your cool, Roofer, Network Decay, Eanie Meanie) with misreads: 'So I can get AIDS' (sheet: can't), 'any fool' (sheet: tool), line 'Take two of these and after this' missing. Handwritten notes on photos 8 and 9 ('Groove Back II song 55 put here', 'Find the ___ song 57 put here') not in the typed part shown. Text cut at 1800, so cannot tell if the many other sheets in photos 3-12 are typed.","OK","GROOVE BACK II SONG 55 is the printed title on the sheet.","Photo 1 (as the website shows it) is sideways and has no turned copy. Photos 7 and 11: the turned copies are SIDEWAYS - the original files already display upright, so replacing would break them. Photos 11 and 12 are too blurry to read. Photos 3-12 show about 20 other songs' sheets; unclear they are all part of 1732. Photos 5 and 12 show SONG NUMBER 11 (797, 15b of 30), same numbering series as Set List 22 (item 1733, songs 787-799) - may belong to 1733. Photo 9 has partly hidden blocks that may be another item's number.","FAIRLY SURE"
"G03_POEM_IN_34_ALBUMS_PAGE_06_OF_13_V10F_W0220__cards_28-29__READER_A.json","1733","1733","MATCHES","1:SIDEWAYS 2:UPRIGHT 3:UPRIGHT 4:UPRIGHT 5:UPRIGHT 6:SIDEWAYS 7:SIDEWAYS 8:UPRIGHT 9:SIDEWAYS 10:UPRIGHT","1=[1-7-3-3 (reads 1733 once turned; original shows them in a row 1 7 3 3)] Overview of the whole Set List 22 spread (Songs 1-10, 12, 13, Song 67, Song 8). This turned copy is sideways; the original 20260823_163241.jpg already shows upright (landscape). || 2=[1 7 3 3 (row) = 1733] SET LIST 22 (ALBUM 32), SONG NUMBER 1 (787, 14b of 30) TONY'S SONG. || 3=[NONE] SONG NUMBER 3 (789, 14b of 30) KILL THE SEED with handwritten 'While you're day dreaming about the stars / I'm trying to find a way to warn ya!'; top of SONG NUMBER 4. || 4=[NONE] SONG NUMBER 4 (790, 15 of 30) THINKING GETS RISKY; top of SONG NUMBER 5. || 5=[NONE] SONG NUMBER 5 (791, 15 of 30) MY FAN FICTION, full. || 6=[NONE] SONG NUMBER 9 LICK MY TOES HO, SONG NUMBER 10 READING I BLOW, SONG NUMBER 12 RISK GENES. This turned copy is sideways; the original 20260823_163301.jpg already shows upright. || 7=[NONE] SONG 67 CATCH A STRAY and SONG 8 (12.2025) RECKLESS GIRLS. This turned copy is sideways; the original 20260823_163304.jpg already shows upright. || 8=[1 (edge, part of the 1733 row)] SONG NUMBER 6 (792) ME AND TOM CRUISE and SONG NUMBER 7 (793) WALLFLOWER POOP; edge of the handwritten note. || 9=[one block mostly hidden under a sheet, unreadable] SONG NUMBER 2 (788, 14b of 30) LOVE AND MY HAND and SONG NUMBER 13 (799) WHEN YOU'RE HAMMERED. This turned copy is sideways; the original 20260823_163311.jpg already shows upright. || 10=[NONE] SONG 8 (12.2025 phone lyrics) RECKLESS GIRLS, full.","SHEET WORDS NOT TYPED","Typed text jumps straight to Song Number 3: the SET LIST 22 header, Song Number 1 TONY'S SONG (photo 2) and Song Number 2 LOVE AND MY HAND (photo 9) are not in the typed part shown (text is cut at 1800, but order says they were skipped). Kill the Seed is badly misread: most lines wrong ('They say to go in the news' = 'Don't go in the ocean', 'A dead summer is a new sharp paragraph' = 'A death sentence is now thirty paragraphs') and the verse 'There's bugs in all our devices...entering our heads!' is missing. Headers misread (798,14f should be 789,14b; Song 4 798 should be 790). Handwritten note: 'worry you' should be 'warn ya', and it is below Kill the Seed in marker, not top-left pencil. Thinking Gets Risky has several misread lines ('this out like a muthafuchin squirm' = 'this nut like a muthafuckin squirrel', 'Get sweaty' = 'Get honey', 'milk the stump' line wrong).","OK","SET LIST 22 is the printed heading on the first sheet (photo 2).","Photos 1, 6, 7, 9: the turned copies are SIDEWAYS - the original files already display upright, so replacing them would make these photos wrong. Song Number 11 of this set is not pictured here; a SONG NUMBER 11 (797, 15b of 30) sheet appears on card 1732 photos 5 and 12.","FAIRLY SURE"
"G03_POEM_IN_34_ALBUMS_PAGE_06_OF_13_V10F_W0220__cards_30-30__READER_A.json","1764","1764 (photo 1). Photo 24 shows 1765.","DIFFERENT NUMBER","1:UPRIGHT 2:UPRIGHT 3:UPRIGHT 4:UPRIGHT 5:UPRIGHT 6:UPRIGHT 7:UPRIGHT 8:UPRIGHT 9:UPRIGHT 10:UPRIGHT 11:UPRIGHT 12:SIDEWAYS 13:UPRIGHT 14:UPRIGHT 15:UPRIGHT 16:UPRIGHT 17:UPRIGHT 18:UPRIGHT 19:UPRIGHT 20:SIDEWAYS 21:UPRIGHT 22:UPRIGHT 23:UPRIGHT 24:SIDEWAYS","1=[1764] Blocks 1-7-6-4 above the typed TOAST sheet dated 7/18/2013. The date 8/4/2013 at the bottom is on the sheet underneath. || 2=[NONE] Typed sheet dated 9/28/12: YESTERDAY'S SONGS plus the countdown poem (Two days / Five days / Four days / Three days). 5/15/13 date on the sheet below. A handwritten note 'craz..' is cut off at the right edge. || 3=[NONE] Typed HUNCH sheet dated 7/5/13, with handwritten 'crazed' and 'OUT' notes. || 4=[NONE] Typed DRINK MORE WATER (5/15/13) and UNDEFINED (6/10/13) sheets. || 5=[NONE] Typed WORTH A SHOT (7/13/1..) and POINT OF REFERENCE (7/19/20..) sheets, edge of HERO'S SAGA, end of TOAST at top right. || 6=[NONE] Typed HERO'S SAGA dated 8/4/2013, HARD TO HEAR marked '(previously unpublished)', edge of CHEMISTRY. || 7=[NONE (edge of an empty box at left)] Typed WILL DO and CHEMISTRY, both marked '(previously unpublished)'. || 8=[partial blocks '2' and '9' cut off at the right edge (a neighbouring piece's number, not readable in full)] Typed OH YOU KNOW (small print, a bit blurry) and HARD WORK, marked '(previously unpublished)'. || 9=[NONE] Typed LIVING IN A JIMMY BUFFET SONG marked '(Previously Unpubli..)'. || 10=[NONE] Close-up of the typed WILL DO sheet. || 11=[NONE (bottom edge of a box at top)] Close-up of the typed TOAST sheet. || 12=[loose single boxed digits 3, 7, 8 by stacks on the table - not a full number] Overview of a table of OTHER collections: FIRST DRAFT FINISHED SONGS binder, notes '1598', '1599', 'CHECK ALL These'. Not this piece. This turned copy is still sideways (writing runs down the screen) - do not use it. || 13=[NONE] Blank sheet with handwritten 'CHECK ALL These'. Not this piece. || 14=[NONE] Cover 'FIRST DRAFT FINISHED SONGS by Tom Jensen' over the 'CHECK ALL These' note. Not this piece. || 15=[NONE] Typed EXIT THE SANDMAN (red circled 1) with note 'Some type of red circled collection'. Not this piece. || 16=[NONE (handwritten note says 1598)] Typed CANDY RAPPER SUPERSTAR by Brian Rainstorm, notes 'Posted 401' and 'Another collection have to trace it back 100 pages maybe? 1598'. Not this piece. || 17=[NONE (handwritten note says 1599)] Tabbed binder open at WORTH THE WAIT (JD SONG), note 'Poems sorted by subject Big Binder 1599'. Not this piece. || 18=[NONE] Printed SONG INDEX page 128 with note 'Looks like printed poems by tom & blurbs First Book'. Not this piece. || 19=[NONE] Typed THE PARADIGM with note 'not JD STYLE' and 'CHECK ALL These'. The poem itself is printed sideways on the page; the handwritten notes read upright. Not this piece. || 20=[loose boxed digit 3 and empty boxes - not a full number] Spread of printed sheets and index pages under 'CHECK ALL These'. Website shows it sideways. Not this piece. || 21=[NONE] Typed WITH YOU by Brian Rainstorm over a WINGMAN sheet and 'In the shape of an angel'. Not this piece. || 22=[loose single boxed digit 7 - not a full number] Typed GILLIGAN SMILES sheet headed 'OVER AND UNDER 1'. Not this piece. || 23=[single boxed digit 8 - not a full number] Stack of sheets topped by AMONGST MEN by Tom Jensen. Not this piece. || 24=[1765] Black SLAMMER electric guitar in a case with blocks 1-7-6-5 = item 1765. Not this piece. This turned copy is sideways: the blocks only read right with the guitar lying flat (wide).","MATCH","Visible typed words match TOAST (photos 1, 11) and the 9/28/12 YESTERDAY'S SONGS / countdown sheet (photo 2). The '8/4/2013' typed after TOAST is really the date on the HERO'S SAGA sheet underneath. Typed text is cut at 'Four da', so the other ~12 poems in the bundle (HUNCH, DRINK MORE WATER, UNDEFINED, WORTH A SHOT, POINT OF REFERENCE, HERO'S SAGA, HARD TO HEAR, CHEMISTRY, WILL DO, OH YOU KNOW, HARD WORK, LIVING IN A JIMMY BUFFET SONG) could not be checked here.","OK","TOAST is the title of the top sheet sitting under the 1764 blocks. The piece is a bundle of about 14 typed poems.","Photo 24 is a guitar with blocks 1765 - it belongs on item 1765, take it off this card. Photos 12-23 (12 photos) show a different set of pieces (the 'CHECK ALL These' table: First Draft Finished Songs binder, Exit the Sandman, Candy Rapper Superstar noted 1598, Big Binder noted 1599, Song Index, The Paradigm, With You, Gilligan Smiles, Amongst Men) - no 1764 blocks and none of their words are typed here; they look like other catalogue numbers' photos. Photo 8 shows cut-off blocks '2' and '9' from a neighbouring piece. Turned copies for photos 12 and 24 are still sideways; photo 20 (as the website shows it) is sideways.","FAIRLY SURE"
"G03_POEM_IN_34_ALBUMS_PAGE_07_OF_13_V10F_W0220__cards_01-10__READER_A.json","1946","1946","MATCHES","1:UPRIGHT 2:UPRIGHT 3:UPRIGHT 4:UPRIGHT","1=[1946] Overview: pink handwritten song notes, printed JULIA'S GARDEN sheet with circled rhyme letters, lined sheet of rhyme pairs. || 2=[NONE] Close-up of the pink marker notes sheet (50 second opening awesome...). || 3=[NONE] Close-up of the printed JULIA'S GARDEN sheet with circled A/B rhyme letters. || 4=[NONE] Close-up of the lined sheet: sad,sad / long,long / years,tears ... I Don't Know / clue,do.","SMALL DIFFERENCES","All three pictured sheets are typed and match. But the pink notes sheet is typed twice (two readings of the same sheet), and the printed JULIA'S GARDEN poem appears a second time at the end with 'A B' rhyme letters - looks like a repeat reading of the same printed sheet, not a new sheet. Repeated text a buyer would see.","OK","","","FAIRLY SURE"
"G03_POEM_IN_34_ALBUMS_PAGE_07_OF_13_V10F_W0220__cards_01-10__READER_A.json","1952","1952","MATCHES","1:UPRIGHT 2:UPRIGHT 3:UPRIGHT 4:UPRIGHT","1=[1952] Printed two-column RUMORS FROM HEAVEN sheet with handwritten 'Revised', a blank lined sheet corner at right. || 2=[NONE] Close-up of the RUMORS FROM HEAVEN Revised poem, both columns. || 3=[NONE] Printed CAST OF CHARACTERS page with author notes about the poem. || 4=[NONE] Angled, cropped close-up of the same CAST OF CHARACTERS page (right side cut off).","SMALL DIFFERENCES","Poem text matches the sheet. Line 'There's Sammy Davis Jr.' is missing (typed goes straight to 'He's sure can tap dance'). Typed text cut at 1800 chars so the CAST OF CHARACTERS page could not be checked.","OK","","Photo 4 is a tilted, cropped repeat of photo 3's page - fine but weak.","FAIRLY SURE"
"G03_POEM_IN_34_ALBUMS_PAGE_07_OF_13_V10F_W0220__cards_01-10__READER_A.json","1970","1970","MATCHES","1:UPRIGHT 2:UPRIGHT","1=[1970] Printed page 1 of Politician Blues. || 2=[1970] Printed page 2 of Politician Blues (So it should come to no surprise ... politician blues).","SMALL DIFFERENCES","Page 1 matches. On page 2 the line 'True has come our biggest fears' is missing between 'That honesty has disapeared' and 'There's no one left who really cares'.","OK","","Summary says a single sheet, but the photos show two printed pages.","SURE"
"G03_POEM_IN_34_ALBUMS_PAGE_07_OF_13_V10F_W0220__cards_01-10__READER_A.json","1971","1971","MATCHES","1:UPRIGHT 2:UPRIGHT","1=[1971] Printed page 1 of CLINICAL DEPRESSION (Parents/Daughter dialogue). || 2=[1971] Printed page 2: five lines, 'The world would've been your oyester...' to 'didn't have to end'.","SMALL DIFFERENCES","Missing lines: 'Parents: Whatever you did in the past is nothing compared to this' and 'You placed me on a pedistal so I was bound to fall'. 'learn to walk / learn to talk' are swapped. 'I realize I've only made one mistake...' is out of order. Text cut at 1800 so page 2 (oyester lines) could not be checked.","OK","","","FAIRLY SURE"
"G03_POEM_IN_34_ALBUMS_PAGE_07_OF_13_V10F_W0220__cards_01-10__READER_A.json","1977","1977","MATCHES","1:UPRIGHT","1=[1977] Printed A COP ASKED THE WITNESSES poem on one sheet.","MATCH","","OK","","Summary says the number squares are to the left; they are above the sheet. Minor.","SURE"
"G03_POEM_IN_34_ALBUMS_PAGE_07_OF_13_V10F_W0220__cards_01-10__READER_A.json","1982","1982","MATCHES","1:UPRIGHT","1=[1982] Printed page 1 of CLINICAL DEPRESSION (with handwritten 't' added to 'best shot').","MATCH","Page 1 matches, including the 'Whatever you did in the past' and 'pedistal' lines. Text cut at 1800 so the end could not be checked.","OK","","This item's second page (the five 'oyester' lines, blocks 1982) is sitting on card 1986 as its photo 1 (file 20260818_115432.jpg). That photo belongs on 1982.","SURE"
"G03_POEM_IN_34_ALBUMS_PAGE_07_OF_13_V10F_W0220__cards_01-10__READER_A.json","1985","1985","MATCHES","1:UPRIGHT 2:UPRIGHT","1=[1985] Printed A PERFECT WORLD poem with handwritten 'by Tom Jensen' at top. || 2=[NONE (squares cut off at top edge, digits not visible)] Printed commentary page: A PERFECT WORLD / Title: contradictory / Stanza 1-6 notes.","MATCH","Poem matches. 'lyg Tom Jensen' is a misread of handwritten 'by Tom Jensen'. Text cut at 1800 so the commentary page could not be checked.","OK","","","FAIRLY SURE"
"G03_POEM_IN_34_ALBUMS_PAGE_07_OF_13_V10F_W0220__cards_01-10__READER_A.json","1986","1986 (photo 2); 1982 (photo 1)","DIFFERENT NUMBER","1:UPRIGHT 2:UPRIGHT","1=[1982] Page 2 of CLINICAL DEPRESSION copy 1982: five lines 'The world would've been your oyester...' - not this item. || 2=[1986] Printed Poem 2 AROUND THE KING'S TABLE on a sheet with a torn left edge.","TYPED WORDS INCLUDE A SHEET NOT PICTURED","AROUND THE KING'S TABLE part matches photo 2. The opening five 'oyester' lines plus 'CLINICAL DEPRESSION [?] the steps [?] my strug[?]' are from item 1982's page 2 (photo 1, blocks 1982), not from this sheet. They should come off when that photo moves to 1982.","OK","","Photo 1 (20260818_115432.jpg) shows blocks 1982 - it belongs to item 1982, not 1986. Summary says number squares on the left; they are above.","SURE"
"G03_POEM_IN_34_ALBUMS_PAGE_07_OF_13_V10F_W0220__cards_01-10__READER_A.json","1987","1987","MATCHES","1:UPRIGHT 2:UPRIGHT","1=[1987] Printed A PERFECT WORLD poem with handwritten 'by Tom Jensen' and 'When born/edit biography' notes. || 2=[1987] Printed commentary page: A PERFECT WORLD / Title: contradictory / Stanza notes.","MATCH","Handwritten notes and poem match. Text cut at 1800 so the commentary page could not be checked.","OK","","","SURE"
"G03_POEM_IN_34_ALBUMS_PAGE_07_OF_13_V10F_W0220__cards_01-10__READER_A.json","1988","1988","MATCHES","1:UPRIGHT","1=[1988] Printed Poem 1 Hidden Evils with author's note paragraph.","MATCH","","OK","","","SURE"
"G03_POEM_IN_34_ALBUMS_PAGE_07_OF_13_V10F_W0220__cards_11-20__READER_A.json","1989","1989","MATCHES","1:UPRIGHT 2:UPRIGHT 3:UPRIGHT 4:UPRIGHT","1=[1989] Typed page 1: 'Tom Jensen / Ten of my better poems created in this class / December 5, 1999', Poem 1 Symphony In My Head, Poem 2 Call It Fate. || 2=[1989] Typed page: Poem 4 Patching The Hole, Poem 5 Winter Of The Dead (start). Turned copy reads upright. || 3=[1989] Typed page: end of Call It Fate, Poem 3 The Truth About Turtles. Turned copy reads upright. || 4=[1989] Typed sheet with handwritten titles 'Winter of the dead' and 'Patching the hole'; lower right corner torn. Turned copy reads upright.","MATCH","Typed words match photo 1 word for word as far as shown (cut at check limit, rest not checked).","OK","Both titles are handwritten on photo 4.","Printed/typed sheets; the only handwriting is the two titles on photo 4. Summary mentions sticky notes - none seen, only number blocks.","SURE"
"G03_POEM_IN_34_ALBUMS_PAGE_07_OF_13_V10F_W0220__cards_11-20__READER_A.json","2009","2009","MATCHES","1:UPRIGHT 2:UPRIGHT 3:UPRIGHT","1=[2009] Typed page with paper clip: Set List Twenty Two (22) Inherent Absence, 19-song list, (1) Another Epic Poem. || 2=[NONE] Close-up of an inside page: Buridan's Ass lines (left, cut off) and (8) Groove Back II. Turned copy reads upright. || 3=[NONE] Close-up of an inside page: (17) Wallflower Poop. Turned copy reads upright.","MATCH","Typed words match photo 1 (title, song list, Another Epic Poem) as far as shown; rest cut at check limit.","OK","","Printed/typed sheets, no handwriting. Photos 2 and 3 are close-ups with no number blocks; left-column text cut off at the edge.","SURE"
"G03_POEM_IN_34_ALBUMS_PAGE_07_OF_13_V10F_W0220__cards_11-20__READER_A.json","2010","2010","MATCHES","1:UPRIGHT 2:UPRIGHT 3:UPRIGHT 4:UPRIGHT","1=[2010] Typed page with paper clip: Zionation Set List 23, 15-song list, (1) Kayfabe, (2) Noble Place Hate. || 2=[NONE] Close-up: 'In a land full of hiders...', (5) Sun, Moon And Truth, (6) Strawman. Turned copy reads upright. || 3=[NONE] Close-up: 'Oh, shit. They just bought TikTok...' to '(con't --->)'. Turned copy reads upright. || 4=[NONE] Close-up: 'Find the truth...' and (14) Some Will Say. Turned copy reads upright.","SHEET WORDS NOT TYPED","Typed words start at 'In a land full of hiders' (photo 2). Missing: photo 1's song list, (1) Kayfabe and (2) Noble Place Hate; also photo 2's (5) Sun, Moon And Truth and (6) Strawman are skipped in the part shown. Typed words also carry junk cut-off margin bits ('r a llama. / elsons say. / n say! / 'ed') from the left edge of photo 3.","OK","","Printed/typed sheets, no handwriting. Photos 2-4 are close-ups with no number blocks.","FAIRLY SURE"
"G03_POEM_IN_34_ALBUMS_PAGE_07_OF_13_V10F_W0220__cards_11-20__READER_A.json","2011","2011","MATCHES","1:UPRIGHT 2:UPRIGHT 3:UPRIGHT 4:UPRIGHT","1=[2011] Typed page with paper clip: Bi Ride Or Die Ride Set List 24, 16-song list, Song 1 Reading I Blow (Rainbow), Song 2 I've Been Slappin. || 2=[2011 (first block half cut off)] Page: 'There's no more faking...' to 'Looking at that big behind...'; left column cut off. Turned copy reads upright. || 3=[_01_ (edge blocks cut off; consistent with 2011)] Page: 'I've felled thousands of trees...' Melanie Ann McCarthy lines. Turned copy reads upright. || 4=[NONE] Close-up: Song 14 Chick Fillet. Turned copy reads upright.","MATCH","Typed words match photo 1 and continue into photo 2 ('There's no more faking...'); rest cut at check limit.","OK","","Printed/typed sheets, no handwriting.","SURE"
"G03_POEM_IN_34_ALBUMS_PAGE_07_OF_13_V10F_W0220__cards_11-20__READER_A.json","11","011","MATCHES","1:UPRIGHT","1=[011] Handwritten loose-leaf sheet torn from a binder: 'Where is Noah when you need him?' ending 'and you shook your fists'.","TYPED WORDS INCLUDE A SHEET NOT PICTURED","First section matches the photo. The later sections are on no photo here: 'As the bright green trees begin to lose their leaves...', 'Finally the time has come.. I am the one...' / 'Random thoughts go pop, pop, pop', and 'Rolling hills don't pay my b[?]...' (probably the back of the sheet).","OK","","","SURE"
"G03_POEM_IN_34_ALBUMS_PAGE_07_OF_13_V10F_W0220__cards_11-20__READER_A.json","29","028","DIFFERENT NUMBER","1:UPRIGHT 2:UPRIGHT","1=[028] Handwritten spiral-torn sheet: 'It looks like I'm stuck inside the house again...' to 'Now everyone is history'. || 2=[028] Second handwritten spiral-torn sheet: 'I'm the one left singing the blues...' to 'I'll spend six months in a correctional facility'. Slightly tilted but reads normally.","SHEET WORDS NOT TYPED","Typed words are only 4 lines from photo 1 ('Being straight is kinda tough / That's why I write for you / Thinking up rhymes / Really kills the time'). The rest of photo 1 and all of photo 2 are not typed.","OK","First line of photo 1.","Both photos show blocks 0-2-8 = item 28, not 29. These photos belong to number 28 per their blocks.","SURE"
"G03_POEM_IN_34_ALBUMS_PAGE_07_OF_13_V10F_W0220__cards_11-20__READER_A.json","38","038","MATCHES","1:UPRIGHT","1=[038] Handwritten sheet in blue marker: 'Well, its not who you know its who you don't...' to 'and days and days'.","TYPED WORDS INCLUDE A SHEET NOT PICTURED","First section matches the photo. Later sections are on no photo here: 'The smoke from the fire soon disapaited...', 'When the yellow sun is glowing...', 'I've been waiting for my baby...'.","OK","First line (cut short) of the sheet.","Summary says spiral notebook, torn; the photo shows a plain unlined sheet with no spiral edge visible.","SURE"
"G03_POEM_IN_34_ALBUMS_PAGE_07_OF_13_V10F_W0220__cards_11-20__READER_A.json","43","043","MATCHES","1:UPRIGHT","1=[043] Handwritten white loose-leaf sheet, black ink: 'I spent a week inside an empty room...' to 'Who thought that only doves play the game'.","TYPED WORDS INCLUDE A SHEET NOT PICTURED","First two sections match the photo. Later sections are on no photo here: 'I JUST WANT to make my mark...' and 'Johanna / Joe Anna / I finally put a name to a face...'.","OK","","Summary says PINK PAPER - hot pink loose leaf; the photo shows white loose-leaf, not pink.","SURE"
"G03_POEM_IN_34_ALBUMS_PAGE_07_OF_13_V10F_W0220__cards_11-20__READER_A.json","45","045","MATCHES","1:UPRIGHT","1=[045] Handwritten hole-punched loose-leaf sheet: 'My presence is important...' to 'dozen by dozen by dozen'; rest of page blank.","TYPED WORDS INCLUDE A SHEET NOT PICTURED","Only the first section is on the photo. Not pictured: 'I'm just warming up...', 'out on the streets / Raw and uncut...', 'Turn the page...', 'I hear you say power to the people...', 'My hand is but symbolic...' and 'Sitting here / Surrounded by so many...'.","OK","","Summary says 'numbered 3+4 in cards'; the cards in the photo read 0-4-5.","SURE"
"G03_POEM_IN_34_ALBUMS_PAGE_07_OF_13_V10F_W0220__cards_11-20__READER_A.json","46","046","MATCHES","1:UPRIGHT","1=[046] Handwritten sheet: 'She had a reputation for repetition...' to 'And I'll never be called a liar'.","TYPED WORDS INCLUDE A SHEET NOT PICTURED","First section matches the photo. Not pictured: 'I gauge lost time through cigarette butts...', 'I need a curtain...', 'My boss here and me...', 'If it's half as good as...', 'You came in the door...'.","OK","","Summary says spiral notebook, torn, numbered 4 in cards; the photo shows a plain unlined sheet with no spiral edge visible, cards read 0-4-6.","SURE"
"G03_POEM_IN_34_ALBUMS_PAGE_07_OF_13_V10F_W0220__cards_21-30__READER_A.json","50","050","MATCHES","1:UPRIGHT","1=[0-5-0 (the 5 is drawn like an S) = 050] Torn spiral notebook sheet, 'So you never believed that candle would burn again', three stanzas","SHEET WORDS NOT TYPED","Typed words are only a 6-line excerpt of photo 1. About 18 lines are missing: lines 4-10 of verse 1 ('Never again to feel the warmth of the sun' ... 'Your sad, sad song'), most of verse 2, and the whole last stanza ('Appreciation is in depreciation ... ill will is learning how to kill').","OK","First line of the sheet.","Summary says 'numbered 0 (=10?) in cards' - the blocks read 050, so the summary is wrong.","SURE"
"G03_POEM_IN_34_ALBUMS_PAGE_07_OF_13_V10F_W0220__cards_21-30__READER_A.json","78","078","MATCHES","1:UPRIGHT","1=[0-7-8 = 078] White sheet, dark green ink, 'Empty limes are being filled / Sadam Husseins oil is being spilled'","MATCH","Typed words follow the sheet line for line.","OK","First line of the sheet.","","SURE"
"G03_POEM_IN_34_ALBUMS_PAGE_07_OF_13_V10F_W0220__cards_21-30__READER_A.json","94","094","MATCHES","1:UPRIGHT","1=[0-9-4 = 094] Loose-leaf sheet, 'Nails 394' and 'IGGYS ANTHEM 400/401' boxed at top, 'Rain... it makes the flowers grow' / 'Pain...' lines with syllable counts in margin","TYPED WORDS INCLUDE A SHEET NOT PICTURED","The Rain/Pain part matches photo 1 (a few Pain lines are jumbled). The last part after '---' ('Because I'm feeling old, sad and alone / Today is my day and I'm sitting here at home / No body knocking on the door / There's no one calling on the phone') is not on this photo.","NOT FROM THIS SHEET","'SEEING STARS' is not written on the sheet. Should be 'Rain... it makes the flowers grow' (first line); the sheet's boxed headings are 'Nails 394' and 'IGGYS ANTHEM 400/401'.","","SURE"
"G03_POEM_IN_34_ALBUMS_PAGE_07_OF_13_V10F_W0220__cards_21-30__READER_A.json","96","096","MATCHES","1:UPRIGHT","1=[0-9-6 = 096] Small torn spiral-notebook scrap: 'Michael HAWK might look a little strange to you / Because his head is purple, his belly is white and sometimes his feet are blue'","TYPED WORDS INCLUDE A SHEET NOT PICTURED","Only the first 5 lines (Michael Hawk) are on the photo. Everything after the first '---' ('I could live for you...', 'Listen closely... plot twist', 'Another candle Another year', 'new method to my madness', and 'FROM A DISTANCE') is on no photo here.","NOT FROM THIS SHEET","'FALLEN CLOUDS' is not on the scrap. Should be 'Michael Hawk might look a little strange to you'.","Summary says 'loose leaf, two sheets (273 = continuation)' - the photo shows one small torn notebook scrap.","SURE"
"G03_POEM_IN_34_ALBUMS_PAGE_07_OF_13_V10F_W0220__cards_21-30__READER_A.json","97","097","MATCHES","1:UPRIGHT","1=[0-9-7 = 097] Small torn spiral-notebook scrap, black ink: 'Pandora's box / The face of a clock ... 4/5/11 ... Surreal and sublime'","TYPED WORDS INCLUDE A SHEET NOT PICTURED","The first section (Pandora's box ... Surreal and sublime) matches the photo. Everything after '---' (the cut-off 'She said...' lines, verse 4 'Given time all things must pass', verse 5 'She woke up this morning', verse 7) is on no photo here.","NOT FROM THIS SHEET","'PIGEON LAND' is not on the scrap. Should be 'Pandora's box' (first line).","Summary says 'loose leaf, purple ink' - photo shows a small torn spiral scrap in black ink.","SURE"
"G03_POEM_IN_34_ALBUMS_PAGE_07_OF_13_V10F_W0220__cards_21-30__READER_A.json","115","115","MATCHES","1:UPRIGHT","1=[1-1-5 (the 5 is drawn like an S) = 115] Torn spiral notebook sheet, blue ink, 'It's all bottled up / all this love, all this pain' ending 'If you've never needed or never given'","TYPED WORDS INCLUDE A SHEET NOT PICTURED","First section matches photo 1 (sheet says 'Got to fight on', typed 'I want to fight on'). The later parts ('Welcome to my new life', 'No Rhyme or Reason', 'Oh clarialia') are on no photo here.","OK","First line of the sheet.","Summary mentions two sheets, verse numbers and named characters (Don Jones, Jerry, Vermes/Valencia) - none of that is on the one sheet pictured.","SURE"
"G03_POEM_IN_34_ALBUMS_PAGE_07_OF_13_V10F_W0220__cards_21-30__READER_A.json","116","116","MATCHES","1:UPRIGHT","1=[1-1-6 = 116] Torn spiral notebook sheet, black print, 'Worship me for who I am / Not for who I'm not' ending 'Hitch hiker to which you lend your seat'","TYPED WORDS INCLUDE A SHEET NOT PICTURED","First part matches the photo. The part after '---' ('I never show my weakness ... Swim within my mind / DALBACH 620 624') is not on this sheet - it is the paper plate pictured on item 117 (photo 397, blocks 117).","OK","First line of the sheet.","Typed words carry the second paper plate's words that belong to item 117.","SURE"
"G03_POEM_IN_34_ALBUMS_PAGE_07_OF_13_V10F_W0220__cards_21-30__READER_A.json","117","117","MATCHES","1:UPRIGHT 2:UPRIGHT","1=[1-1-7 = 117] Two paper plates stacked: top 'I woke up my mind was racing ... Let Me Live The Dream'; bottom 'I never show my weakness ... DALBACH 620' (writing curves round the plates but reads the right way up) || 2=[1-1-7 = 117] Close-up of the top paper plate, 'I woke up my mind was racing ... Let Me Live The Dream'","MATCH","Both plates are typed; the top plate's words are typed a second time after '---'.","OK","From the plate, but the plate reads 'Let Me Live The Dream' - the card's 'Let Me Live / Let The Dream' is slightly garbled.","Summary says 'white lined notebook paper' - the photos show two paper plates.","SURE"
"G03_POEM_IN_34_ALBUMS_PAGE_07_OF_13_V10F_W0220__cards_21-30__READER_A.json","127","127","MATCHES","1:UPRIGHT","1=[1-2-7 = 127] Torn spiral notebook sheet titled 'secret room', rhyme words in the left margin, empty bracketed box below","MATCH","Typed words follow the sheet, including the margin rhyme words.","NOT FROM THIS SHEET","'DOWNWARD SPIRAL' is not on the sheet. Its written title is 'Secret Room'.","","SURE"
"G03_POEM_IN_34_ALBUMS_PAGE_07_OF_13_V10F_W0220__cards_21-30__READER_A.json","214","214","MATCHES","1:UPRIGHT 2:UPRIGHT 3:UPRIGHT","1=[2-1-4 = 214 (edge of another block cut off at far right, unreadable)] Two notebook sheets laid end to end: 'One single ray of light broke through the clouds' above, 'I've been looking for motivation' below || 2=[2-1-4 = 214] Close-up of the first sheet, 'One single ray of light broke through the clouds' || 3=[2-1-4 = 214] Turned copy: close-up of the second sheet, 'I've been looking for motivation ... No more moving around' - now reads the right way up","MATCH","Typed words cover both sheets (cut at 1800 chars for the check).","OK","First line of the first sheet.","Summary says 'loose sheet' - it is two sheets.","SURE"
"G03_POEM_IN_34_ALBUMS_PAGE_08_OF_13_V10F_W0220__cards_01-10__READER_A.json","218","218","MATCHES","1:UPRIGHT","1=[2-1-8 in a row] Torn spiral notebook sheet, 'It's such a complicated subject this matter of war' with syllable counts 14/16, crossed-out lines, bracket counts 6 and 5 at the bottom.","TYPED WORDS INCLUDE A SHEET NOT PICTURED","First section (war lines down to 'And the way it stands') matches the photo. The two extra sections after '---' ('I found the rhyme / Have you found the reason...' and 'The last words I heard from you ... The path of life can be a rocky road') are NOT on this sheet - they are the words on item 255's two sheets (photos 743 and 744).","OK","First line of the sheet.","Summary says 'word-tree diagrams' and 'crumpled' - sheet is torn spiral paper with bracket counts, not really crumpled; minor.","SURE"
"G03_POEM_IN_34_ALBUMS_PAGE_08_OF_13_V10F_W0220__cards_01-10__READER_A.json","255","255","MATCHES","1:UPRIGHT 2:UPRIGHT","1=[2-5-5 in a row] Spiral notebook sheet with circled verse numbers 2, 3, 4: 'I said you've got to hold on...', 'In time you'll find...', 'The last words I heard from you ... Given time all things must pass'. || 2=[2-5-5 in a row] Second spiral notebook sheet: crossed-out 'The path through life can be a rocky road...' and verse 5 'Now I've found the rhyme / Have you found the reason?... Now my mind's at ease and'.","SHEET WORDS NOT TYPED","Typed words are only 4 lines of verse 4 ('The last words I heard from you...'). Photo 1 verses 2 and 3 ('I said you've got to hold on...', 'In time you'll find...') and the end of verse 4 are not typed; all of photo 2 ('The path through life...', 'Now I've found the rhyme...') is not typed. Those missing words sit on card 218 instead.","OK","Line from this sheet (verse 4). The top line of photo 1 is 'I said you've got to hold on' if a first-line name is wanted.","Summary says 'small paper cards attached on the left side' - the number cards are above the sheet, not on the left; minor.","SURE"
"G03_POEM_IN_34_ALBUMS_PAGE_08_OF_13_V10F_W0220__cards_01-10__READER_A.json","261","261","MATCHES","1:UPRIGHT","1=[2-6-1 in a row] Torn-top pad sheet with red margin: 'Weaponized envy surrounds me' 8 lines with crossouts, 'like' under the last line.","MATCH","","OK","First line.","","SURE"
"G03_POEM_IN_34_ALBUMS_PAGE_08_OF_13_V10F_W0220__cards_01-10__READER_A.json","273","273","MATCHES","1:UPRIGHT","1=[2-7-3 in a row] Lined sheet: 'Rise up, Rise up / And follow me' through 'Just what... I can't wait to see...'.","MATCH","","OK","First line / title.","Summary says the cards are 'to the side' - they are above the sheet; minor.","SURE"
"G03_POEM_IN_34_ALBUMS_PAGE_08_OF_13_V10F_W0220__cards_01-10__READER_A.json","274","274","MATCHES","1:UPRIGHT","1=[2-7-4 in a row] Three-hole lined sheet in cursive: 'I just melted in your eyes' three 4-line verses, 'discovered' in left margin, '6' right.","MATCH","","OK","First line.","","SURE"
"G03_POEM_IN_34_ALBUMS_PAGE_08_OF_13_V10F_W0220__cards_01-10__READER_A.json","278","278","MATCHES","1:UPRIGHT","1=[2-7-8 in a row] Lined sheet (folded/overlapped): 'I turn frowns upside down and make unhappy people smile' then 3-line verses to 'And THEN that's when life gets tough...', margin 4 4 6.","MATCH","","OK","First line.","","SURE"
"G03_POEM_IN_34_ALBUMS_PAGE_08_OF_13_V10F_W0220__cards_01-10__READER_A.json","295","295","MATCHES","1:UPRIGHT","1=[2-9-5 in a row] Lined sheet: 'I'm loading up the wagon full of TREASURES I have gathered' to 'Or what we call 'round here a dancer', one line crossed out.","MATCH","Typed shows TREASURES as struck; on the sheet TREASURES is written in capitals, not crossed out. Tiny.","OK","First line.","","SURE"
"G03_POEM_IN_34_ALBUMS_PAGE_08_OF_13_V10F_W0220__cards_01-10__READER_A.json","300","300","MATCHES","1:UPRIGHT","1=[3-0-0 in a row] Three-hole lined sheet with bracket syllable splits 3/8: 'I wake up remove the covers from my face' to 'Worked to death - dead at a young age'.","MATCH","","OK","First line (with 'face' written over the crossed-out word).","","SURE"
"G03_POEM_IN_34_ALBUMS_PAGE_08_OF_13_V10F_W0220__cards_01-10__READER_A.json","302","302","MATCHES","1:UPRIGHT","1=[3-0-2 in a row] Torn three-hole lined sheet in cursive: 'Now is the time / To show me a sign still' through 'A handful of empty promises about tomorrow...', syllable counts at right.","MATCH","","OK","First line.","","SURE"
"G03_POEM_IN_34_ALBUMS_PAGE_08_OF_13_V10F_W0220__cards_01-10__READER_A.json","305","305","MATCHES","1:UPRIGHT","1=[3-0-5 in a row] Lined sheet with red brackets and rhyme marks 8A/6A/8B...: 'I've been trying to explain this / it's the myth that what is - is' to 'or at least it's not responsible'.","MATCH","","OK","From the first lines, but clumsy: 'try ing' split and two lines run together. Cleaner: 'I've Been Trying to Explain This'.","","SURE"
"G03_POEM_IN_34_ALBUMS_PAGE_08_OF_13_V10F_W0220__cards_11-20__READER_A.json","318","318","MATCHES","1:UPRIGHT","1=[3-1-8 in a row] Torn lined sheet titled MUSICAL MEDITATION in bubble letters, 4 counted lines with syllable brackets and 10s, then a bracketed section.","MATCH","All lines typed. The vertical word in the left margin bracket is typed only as [Bracket]; minor.","OK","Title MUSICAL MEDITATION is written at the top of the sheet.","","SURE"
"G03_POEM_IN_34_ALBUMS_PAGE_08_OF_13_V10F_W0220__cards_11-20__READER_A.json","337","337","MATCHES","1:UPRIGHT","1=[3-3-7 in a row] Lined sheet with a drunk-driving poem: I got bagged just two years before my car ... Do you need any more proof?","SMALL DIFFERENCES","First three lines are jumbled. Sheet reads: I got bagged just two years before my car / Again I poured my beer then closed the door / And took my car ride right to jail. Typed version moves Again and before my car to the wrong lines and drops to jail. Rest matches.","OK","Lifted from the first line but garbled (Again and a belong elsewhere). Cleaner name: I Got Bagged Just Two Years Before My Car.","","SURE"
"G03_POEM_IN_34_ALBUMS_PAGE_08_OF_13_V10F_W0220__cards_11-20__READER_A.json","343","343","MATCHES","1:UPRIGHT","1=[3-4-3 in a row] Lined sheet, 8 lines starting Foot prints being washed away by the sea, ending with a hurricane.","SMALL DIFFERENCES","Line 3 garbled. Sheet reads: For the (tide seeped struck, waves rolled written above) in and washed our love away. Typed line drops in and ... our love and misplaces away.","OK","First line of the sheet.","Summary is only 'loose sheet' - thin but not wrong.","SURE"
"G03_POEM_IN_34_ALBUMS_PAGE_08_OF_13_V10F_W0220__cards_11-20__READER_A.json","351","351","MATCHES","1:UPRIGHT","1=[3-5-1 in a row] Torn spiral-edge lined sheet: One woman's pleasure is another woman's pain, then a prose block ending Corporations are owning countries - They're calling Kenya Mickey D's.","SMALL DIFFERENCES","All words present, but a stray MARGIN: label is inserted mid-text before What's it to me (that text is in the main body, not a margin). Sheet says WWIII, typed says WWII.","OK","First line of the sheet.","Summary says pencil and rotated; writing looks like dark ink and the photo shown is upright. 'rotated' is a file note a buyer would see.","FAIRLY SURE"
"G03_POEM_IN_34_ALBUMS_PAGE_08_OF_13_V10F_W0220__cards_11-20__READER_A.json","376","376","MATCHES","1:UPRIGHT","1=[3-7-6 in a row] 3-hole lined sheet with the little gold fish verse and a drawing of a fishbowl with a smoking fish.","MATCH","","OK","First line of the sheet.","Summary says blue ink; the writing looks black. Summary does not mention the fishbowl drawing.","SURE"
"G03_POEM_IN_34_ALBUMS_PAGE_08_OF_13_V10F_W0220__cards_11-20__READER_A.json","377","377","MATCHES","1:UPRIGHT","1=[3-7-7 in a row] Two lined sheets: top sheet When my baby said, You've got to choose ... sick and tired from all his abuse; bottom sheet I've lived the life of a Rock star and I don't even sing ...","SHEET WORDS NOT TYPED","Photo 1 top sheet (When my baby said, You've got to choose / I knew right there that she would loose ... But I'm still sick and tired from all his abuse, 16 lines) is not in typed_words. Bottom sheet (Rock star) matches.","OK","From the bottom sheet's first line, but cut off: should end ...and I Don't Even Sing.","Summary says 'a piece of lined notebook paper' - the photo shows two sheets.","SURE"
"G03_POEM_IN_34_ALBUMS_PAGE_08_OF_13_V10F_W0220__cards_11-20__READER_A.json","414","414","MATCHES","1:UPRIGHT","1=[4-1-4 in a row] Small white spiral-notebook page titled Point of Reference, ending I've now lost my point of reference.","TYPED WORDS INCLUDE A SHEET NOT PICTURED","Everything after the --- (Never be afraid when your opinion is based on fact ... And I'm not afraid of that, 5 lines) is not on this photo.","OK","Title Point of Reference is written at the top.","Summary says YELLOW LEGAL PAD (8th); the photo shows a small white spiral-notebook page, not yellow legal paper.","SURE"
"G03_POEM_IN_34_ALBUMS_PAGE_08_OF_13_V10F_W0220__cards_11-20__READER_A.json","421","421","MATCHES","1:UPRIGHT","1=[4-2-1 in a row] Torn lined sheet, no title: Let me trade my eyes for yours ... Maybe I can find it again.","MATCH","Minor misread: Si stand should be So I stand.","NOT FROM THIS SHEET","Here & Now is not written anywhere on the sheet (no title). Should be the first line: Let Me Trade My Eyes for Yours (or hook Let Me Out) - unless Here & Now is the known song title Tom wants.","","FAIRLY SURE"
"G03_POEM_IN_34_ALBUMS_PAGE_08_OF_13_V10F_W0220__cards_11-20__READER_A.json","426","426","MATCHES","1:UPRIGHT","1=[4-2-6 in a row] 3-hole lined sheet: Look out the man's got the pen again ... Still soul searching yet you haven't got a clue.","MATCH","","OK","First line of the sheet.","","SURE"
"G03_POEM_IN_34_ALBUMS_PAGE_08_OF_13_V10F_W0220__cards_11-20__READER_A.json","429","429","MATCHES","1:UPRIGHT","1=[4-2-9 in a row] Torn spiral-edge lined sheet titled Thousand miles above: When dreaming of your eyes I stare at the stars ... You'll drive me crazy.","TYPED WORDS INCLUDE A SHEET NOT PICTURED","Everything after the --- (She knew what she was doing / Well I tried to be so strong / But my self-esteem is gone / That woman done me wrong) is not on this photo. The part above matches.","NOT FROM THIS SHEET","The time has come is not on the sheet. The sheet's written title is Thousand Miles Above.","","SURE"
"G03_POEM_IN_34_ALBUMS_PAGE_08_OF_13_V10F_W0220__cards_21-30__READER_A.json","432","432","MATCHES","1:UPRIGHT","1=[4-3-2 in a row = 432] Torn lined notebook sheet, dark ink: 'Attempting to believe the unbelievable...'","MATCH","Typed words follow the sheet line for line.","NOT FROM THIS SHEET","'Michelle' is not written anywhere on the sheet. Should be 'Attempting' or first line 'Attempting to Believe the Unbelievable'.","Summary says decorative star-bordered stationery with red/blue/gray stars and blue ink; photo shows plain torn lined notebook paper, no star border, dark ink. Summary looks like it belongs to another piece.","SURE"
"G03_POEM_IN_34_ALBUMS_PAGE_08_OF_13_V10F_W0220__cards_21-30__READER_A.json","435","435","MATCHES","1:UPRIGHT","1=[4-3-5 in a row = 435] Torn lined notebook sheet in pencil: 'Confliction is my affliction / Dying from good health...'","MATCH","Typed words follow the sheet line for line.","NOT FROM THIS SHEET","'Dead History' is not written on the sheet. Should be first line 'Confliction Is My Affliction'.","","SURE"
"G03_POEM_IN_34_ALBUMS_PAGE_08_OF_13_V10F_W0220__cards_21-30__READER_A.json","445","445","MATCHES","1:UPRIGHT","1=[4-4-5 in a row = 445] Plain white sheet, blue ink cursive: 'Another sleepless night as rain falls from the sky...'","SMALL DIFFERENCES","One sheet line missing from typed words: 'This is the only time I can remember, the world has cut some slack.' (between 'got my life on track' and 'I'm finally moving forward').","OK","First line of the sheet.","Summary says lined notebook paper in pencil; photo shows unlined white paper written in blue ink.","SURE"
"G03_POEM_IN_34_ALBUMS_PAGE_08_OF_13_V10F_W0220__cards_21-30__READER_A.json","447","447","MATCHES","1:UPRIGHT","1=[4-4-7 in a row = 447] Torn lined notebook sheet, dark ink: 'Cry me a river... ten miles wide...'","MATCH","Same text; side note ('when you're not one then you should go back to being two') and 'Never lost, never one / Never us' are jumbled in the typing but all present.","NOT FROM THIS SHEET","'Just like Me' is not written on the sheet. Should be first line 'Cry Me a River'.","Summary says blue ink; writing looks black/dark gray.","FAIRLY SURE"
"G03_POEM_IN_34_ALBUMS_PAGE_08_OF_13_V10F_W0220__cards_21-30__READER_A.json","450","450","MATCHES","1:UPRIGHT","1=[4-5-0 in a row = 450] Torn lined notebook sheet: 'I just picked up my pen / It's been god knows when...'","MATCH","Typed words follow the sheet line for line.","OK","First line of the sheet.","","SURE"
"G03_POEM_IN_34_ALBUMS_PAGE_08_OF_13_V10F_W0220__cards_21-30__READER_A.json","470","470","MATCHES","1:UPRIGHT","1=[4-7-0 in a row = 470] Pale green lined sheet, 'PLEDGE' in bubble letters, 'Globalization without exploitation...'","MATCH","Same text; line 'That's right... I'm penning them...' is merged into the line above in the typing - minor.","OK","Title written on the sheet.","","SURE"
"G03_POEM_IN_34_ALBUMS_PAGE_08_OF_13_V10F_W0220__cards_21-30__READER_A.json","471","471","MATCHES","1:UPRIGHT","1=[4-7-1 in a row = 471] Lined notebook sheet, 'Point of Reference' in outline letters, 'You keep waiting for her to walk in...'","MATCH","Typed words follow the sheet, including margin note 'will do p.65'.","OK","Title written on the sheet.","","SURE"
"G03_POEM_IN_34_ALBUMS_PAGE_08_OF_13_V10F_W0220__cards_21-30__READER_A.json","473","473","MATCHES","1:UPRIGHT 2:UPRIGHT","1=[4-7-3 in a row = 473] Lined notebook sheet: 'TAXATION WITHOUT REPRESENTATION / IS WHAT The Baby Boomers did...' || 2=[4-7-3 in a row = 473] Two small lined cards: '[Ian McElroy] Welcome to poor judgement theatre...' and 'yeah we're slowly sinking...'","MATCH","Both photos are typed. Small misread: sheet says 'Spend our time wondering what's left to believe in?', typed as 'our time spending what's left to believe in?'.","OK","Title written on the sheet.","Summary says '3 separate pieces in frame'; photo 1 is one full notebook sheet and photo 2 shows two small cards (3 pieces across two photos, not one frame).","SURE"
"G03_POEM_IN_34_ALBUMS_PAGE_08_OF_13_V10F_W0220__cards_21-30__READER_A.json","515","515","MATCHES","1:UPRIGHT 2:UPRIGHT","1=[5-1-5 in a row = 515] Lined notebook sheet: 'Have a lovely infinity / Were the last words you said to me...' with circled 8s || 2=[5-1-5 in a row = 515] Plain white sheet: 'Empty lims are being filled / Sadam Hussein's oil is being spilled...'","MATCH","Both sheets typed. 'You fear that you are out of tune' is crossed out on the sheet but typed as a normal line - minor.","OK","First line of the first sheet.","Summary says one white paper; the card is two different sheets (lined notebook + plain white), both marked 515.","SURE"
"G03_POEM_IN_34_ALBUMS_PAGE_08_OF_13_V10F_W0220__cards_21-30__READER_A.json","553","553","MATCHES","1:UPRIGHT 2:UPRIGHT","1=[5-5-3 in a row = 553] Turned copy: three-hole lined sheet 'GO ANYWHERE FROM HERE' with bracketed verses, now reads upright || 2=[NONE] Close-up of the same 'GO ANYWHERE FROM HERE' sheet (same 'build' correction, same brackets), no blocks","MATCH","Typed words follow the sheet line for line.","OK","Title written on the sheet.","","SURE"
"G03_POEM_IN_34_ALBUMS_PAGE_09_OF_13_V10F_W0220__cards_01-10__READER_A.json","563","563","MATCHES","1:UPRIGHT 2:UPRIGHT","1=[5-6-3 in a row] Plain white sheet, cursive: 'And maybe... it's true / But baby... I'm not going crazy for you...' to 'can't get it off'. Staple top left. || 2=[5-6-3 in a row] Second page (first page folded back): 'channel the energy thats all around me ... Making Noises in the attic'.","MATCH","Both pages typed; text matches the two photos.","OK","First line of the sheet.","none","SURE"
"G03_POEM_IN_34_ALBUMS_PAGE_09_OF_13_V10F_W0220__cards_01-10__READER_A.json","606","606","MATCHES","1:UPRIGHT 2:UPRIGHT","1=[6-0-6 in a row] Full lined spiral sheet, title EITHER WAY by Tom Jensen, numbered bubbles 3, 2, 1, ends 'Either way, No Regrets'. || 2=[none (close-up)] Close-up of the middle of the same sheet (bubble 1 down to 'nothing left'), slightly tilted.","SMALL DIFFERENCES","Line 'Everything that lives has a body that dies' (with 'immateriality' written above) typed as 'Everything that immateriality [?]'; 'Riches or character' typed 'charatity'; last line typed 'Esther way' for 'Either way'. Rest matches.","OK","EITHER WAY is the title written on the sheet.","none","SURE"
"G03_POEM_IN_34_ALBUMS_PAGE_09_OF_13_V10F_W0220__cards_01-10__READER_A.json","617","617","MATCHES","1:UPRIGHT","1=[6-1-7 in a row] Lined sheet titled 'The QUESTION' (The scribbled), 'Amongst Men by Tom Jensen' at top right; 'You fell in love / But she wasn't a ten' to 'count the fallen seeking glory'.","TYPED WORDS INCLUDE A SHEET NOT PICTURED","Opening part 'Just a second / could change your / life' (before the ---) is not on the photo. The rest matches the sheet.","NOT FROM THIS SHEET","'AMONGST BY' is a garbled mix of the subtitle and the byline. Title on sheet is THE QUESTION (subtitle 'Amongst Men'); hook 'You fell in love'.","Summary says number squares are to the left; they are above the sheet.","SURE"
"G03_POEM_IN_34_ALBUMS_PAGE_09_OF_13_V10F_W0220__cards_01-10__READER_A.json","619","619","MATCHES","1:UPRIGHT","1=[6-1-9 in a row] Lined sheet: 'I'm a self-[saboteur]' to 'Keep on defining my creation'.","TYPED WORDS INCLUDE A SHEET NOT PICTURED","Opening part 'I told myself I've got to give in / live on the same grid as the competition / Though I can't forget my' (before the ---) is not on the photo. The rest matches.","OK","First line of the sheet.","Summary says squares are to the left and paper is Mead brand; squares are above, no brand visible. Minor.","SURE"
"G03_POEM_IN_34_ALBUMS_PAGE_09_OF_13_V10F_W0220__cards_01-10__READER_A.json","620","620","MATCHES","1:UPRIGHT","1=[6-2-0 in a row] Lined spiral sheet: 'When tragedy struck my family / I began my decent into insanity' to 'so when I went into the ring'.","TYPED WORDS INCLUDE A SHEET NOT PICTURED","Opening part 'Here I am alone with my thoughts / Sitting staring, watching the clock' (before the ---) is not on the photo. The rest matches.","OK","First line of the sheet.","Summary says number cards are to the left; they are above. Minor.","SURE"
"G03_POEM_IN_34_ALBUMS_PAGE_09_OF_13_V10F_W0220__cards_01-10__READER_A.json","621","621","MATCHES","1:UPRIGHT","1=[6-2-1 in a row] Messy lined spiral draft: 'I frame it / I hang it / I put it up for sale...' with a crossed-out box, down to 'Pick a party and you're invited'.","SMALL DIFFERENCES","Line 'I make it' (between 'up for sale' and 'I tape it') not typed; struck line typed as 'I dont let it'. Otherwise matches the draft.","OK","First line of the sheet.","none","SURE"
"G03_POEM_IN_34_ALBUMS_PAGE_09_OF_13_V10F_W0220__cards_01-10__READER_A.json","622","622","MATCHES","1:UPRIGHT","1=[6-2-2 in a row] Lined spiral sheet: 'I'm fired up / I've had enough' to 'had many things worth keeping'.","MATCH","Typed words match the sheet.","OK","First line of the sheet.","none","SURE"
"G03_POEM_IN_34_ALBUMS_PAGE_09_OF_13_V10F_W0220__cards_01-10__READER_A.json","643","643","MATCHES","1:UPRIGHT","1=[6-4-3 in a row] Plain white sheet, cursive at top: 'I guess when you're living with your head in the clouds' to 'So be careful of silver lining'.","MATCH","Typed words match the sheet.","OK","First line of the sheet.","none","SURE"
"G03_POEM_IN_34_ALBUMS_PAGE_09_OF_13_V10F_W0220__cards_01-10__READER_A.json","645","645","MATCHES","1:UPRIGHT","1=[6-4-5 in a row] Torn lined sheet, blue circles: 'Sure, all the colours of the rainbow are there... within her eyes' to 'wilted leaves of long dead red roses'.","TYPED WORDS INCLUDE A SHEET NOT PICTURED","Whole first part 'Here I am / Back in my memory / THE OLD DAYS ... Man is Man ... Charms [?] Both' (before the ---) is not on the photo. Second part matches (first word is 'Sure', typed 'See').","OK","First line of the sheet, but misread: sheet says 'Sure, all the colours of the rainbow are', card says 'See all the colours...'.","none","SURE"
"G03_POEM_IN_34_ALBUMS_PAGE_09_OF_13_V10F_W0220__cards_01-10__READER_A.json","687","687","MATCHES","1:UPRIGHT","1=[6-8-7 in a row (plus the edge of another block cut off at top right corner, digit '2' partly visible)] Lined sheet: 'end verse: They just put my face on the mountain...' at top, 'I'm at the base of the mountain' verses with syllable counts in the margin, to 'AND THIS TIME I'M GOING LONGER'.","TYPED WORDS INCLUDE A SHEET NOT PICTURED","Last part 'Hey Brother can you spare a dime? / I Beg for money all the time / Rather hold an empty cup / Than led life of crime' (after the ---) is not on the photo. The rest matches.","OK","Taken from the 'end verse' note written at the top of the sheet. The hook of the song is 'I'm at the base of the mountain' if a cleaner name is wanted.","Corner of a stray number block (another item's, shows '2') is cut off at the top right edge of the photo. Not a full number, but a buyer could notice it.","SURE"
"G03_POEM_IN_34_ALBUMS_PAGE_09_OF_13_V10F_W0220__cards_11-20__READER_A.json","698","698","MATCHES","1:UPRIGHT","1=[698] Lined notebook sheet, 'No I never been to disney land' stanza plus boxed 'average Joe' stanza with 'SUCKS' written beside it; rest of page blank.","TYPED WORDS INCLUDE A SHEET NOT PICTURED","The part after '---' ('Aeola, lady of the Wind ... Through the bright lights of the city') is on no photo. The pictured sheet only has the disney land lines and the average Joe stanza, and those match.","OK","First line of the sheet. Small misread: card says 'To I never...', sheet and typed words say 'No I never been to disney land'.","Either a back side or second sheet with the Aeola lyric is missing from the photos, or the Aeola words belong to another item.","SURE"
"G03_POEM_IN_34_ALBUMS_PAGE_09_OF_13_V10F_W0220__cards_11-20__READER_A.json","730","730","MATCHES","1:UPRIGHT 2:UPRIGHT","1=[730] White sheet with brown-marker lyric 'Everything I have I'd gladly give it all away'. || 2=[730] Back or second side in pencil: shelf-building shopping notes (4x8 backing, 23 3/4 inches, screws, wire braid nails).","MATCH","Both sides typed. Only tiny gap: the 'small' column heading on photo 2 is not typed.","OK","First line of the lyric.","","SURE"
"G03_POEM_IN_34_ALBUMS_PAGE_09_OF_13_V10F_W0220__cards_11-20__READER_A.json","756","756","MATCHES","1:UPRIGHT 2:UPRIGHT","1=[756] Pink torn sheet, handwritten lyric 'My senses are sharp as a tack ... Yes that's what I said'. || 2=[756] Other side of the pink sheet: printed Spanish flyer 'INFORMACION SOBRE EL TABACO'. The turned copy is the right way up.","TYPED WORDS INCLUDE A SHEET NOT PICTURED","The first part ('Right Now... is the time / Right Here... is the place ... E-BAYED your Soul') is on no photo. The 'My senses are sharp as a tack' lyric matches photo 1 and the Spanish flyer text matches photo 2.","NOT FROM THIS SHEET","The name is the printed flyer headline on the back, not Tom's writing. For a poem card it should be the handwritten first line: 'My senses are sharp as a tack'.","The summary describes only the printed tobacco flyer and does not mention the handwritten poem on photo 1. The 'Right Now' lyric has no photo here.","FAIRLY SURE"
"G03_POEM_IN_34_ALBUMS_PAGE_09_OF_13_V10F_W0220__cards_11-20__READER_A.json","760","760","MATCHES","1:UPRIGHT","1=[760] Lined notebook sheet, lyric 'Theres a symphony playing in my mind', small stain lower left.","MATCH","","OK","First line.","","SURE"
"G03_POEM_IN_34_ALBUMS_PAGE_09_OF_13_V10F_W0220__cards_11-20__READER_A.json","779","779","MATCHES","1:UPRIGHT","1=[779] Lined notebook sheet (3-hole), lyric 'When the yellow sun is glowing way way up high ... You know love is inside you somewhere'.","TYPED WORDS INCLUDE A SHEET NOT PICTURED","The part after '---' ('I've smoked so many cigarettes ... Is this really how it was meant to be') is on no photo. The yellow sun lyric matches.","OK","First line.","A back side or second sheet with the cigarettes lyric is not pictured.","SURE"
"G03_POEM_IN_34_ALBUMS_PAGE_09_OF_13_V10F_W0220__cards_11-20__READER_A.json","791","791","MATCHES","1:UPRIGHT","1=[791] Torn diagonal piece of yellowed spiral notebook paper, prose-style verses with 'verse 4', 'verse 5' and a last verse labeled in the margin; top lines cut off by the tear.","SMALL DIFFERENCES","Words are all there, but the bracket layout notes are wrong: the last verse ('She woke up this morning...') is not written sideways, and the verse labels are margin labels beside the text, not empty headings. The last verse's label looks like 'verse 7' (with a crossed-out number), not 'Verse 6'.","OK","Hook line on the sheet: 'Given time all things must pass'.","","FAIRLY SURE"
"G03_POEM_IN_34_ALBUMS_PAGE_09_OF_13_V10F_W0220__cards_11-20__READER_A.json","804","804","DIFFERENT NUMBER","1:UPRIGHT 2:UPRIGHT 3:UPRIGHT","1=[804] Lined spiral notebook sheet, lyric 'still you haven't called, didn't show' with arrow diagram at top (walls, rising tide, sand, fall) and AB rhyme letters. || 2=[804] Blank music staff paper with 'Slow Part / Fast Part', tab numbers and 'Bm | G' at top, a drawn clef and notes at lower right. || 3=[805] Different piece: torn brown paper with marker lyric 'I've got one of the greatest minds of all time ... lyrical gold is what you'll find'. The turned copy is the right way up.","SMALL DIFFERENCES","Typed words match photos 1 and 2, but the second part starts with '4 / 0 / 8', which are the number blocks, not writing on the sheet. Photo 3's lyric is not typed, which is right because that sheet is item 805.","OK","From the sheet. 'I understand' is crossed out on the sheet. The line as written is 'still you haven't called, didn't show'.","Photo 3 (20260819_072557) shows blocks 805 and a different sheet. It belongs to item 805 and should come off 804.","SURE"
"G03_POEM_IN_34_ALBUMS_PAGE_09_OF_13_V10F_W0220__cards_11-20__READER_A.json","808","808","MATCHES","1:UPRIGHT","1=[808] Three small spiral-pad slips stacked top to bottom: 'Because only when the people know can they resist', 'Listen closely wait for it here comes the plot twist', 'One card one chip one voice tells you what to do'.","MATCH","Typed labels say Left / Center / Right card, but the slips are stacked top / middle / bottom. The words match.","OK","First line.","The summary says the number cards are in a vertical column beside the paper, but they are in a row across the top.","SURE"
"G03_POEM_IN_34_ALBUMS_PAGE_09_OF_13_V10F_W0220__cards_11-20__READER_A.json","811","811","MATCHES","1:UPRIGHT","1=[811] Two small spiral-pad slips, lyric 'Another candle Another year ... There's no one calling on the phone'.","MATCH","","OK","Hook of the lyric ('So I'll sing happy birthday to me'). It is not a written title, but it fits.","","SURE"
"G03_POEM_IN_34_ALBUMS_PAGE_09_OF_13_V10F_W0220__cards_11-20__READER_A.json","881","881","MATCHES","1:UPRIGHT","1=[881] Lined spiral notebook sheet, lyric 'So you think you've felt pain?' with one crossed-out line and margin edits.","MATCH","","OK","First line.","","SURE"
"G03_POEM_IN_34_ALBUMS_PAGE_09_OF_13_V10F_W0220__cards_21-30__READER_A.json","886","886","MATCHES","1:UPRIGHT","1=[8-8-6 in a row = 886] Torn spiral notebook sheet, 18 lines starting 'I'm getting angry', blocks above.","MATCH","Typed words match the sheet line for line.","OK","First line of the sheet.","","SURE"
"G03_POEM_IN_34_ALBUMS_PAGE_09_OF_13_V10F_W0220__cards_21-30__READER_A.json","902","902","MATCHES","1:UPRIGHT 2:SIDEWAYS","1=[9-0-2 in a row = 902] Mostly blank notebook sheet with 3 lines: 'A long day but a good day / It's the middle of April... / Got everything I want today'. || 2=[only stray part-blocks in the lower right corner, digits cut off and unreadable] Close-up of a heavily scribbled lined sheet ('The memories are overwhelming... An explotion of emotion... raise our glass to the past'). Writing runs steeply down the screen, about 65 degrees - the turned copy is still not upright.","MATCH","Both parts typed: the 3 lines from photo 1 and the cropped poem from photo 2. Small misread: typed 'a god day', sheet says 'a good day'.","OK","From the sheet, but typo: should read 'A long day but a good day' (card says 'Along day but a god day').","Photo 2 (turned copy) is still tilted about 65 degrees and needs roughly another quarter turn counter-clockwise. Photo 2 has no readable number blocks and comes from a different photo set ('501 to 787 part 2 (45)'), so it cannot be confirmed by eye as the same sheet as photo 1.","FAIRLY SURE"
"G03_POEM_IN_34_ALBUMS_PAGE_09_OF_13_V10F_W0220__cards_21-30__READER_A.json","952","NONE","NO BLOCKS IN ANY PHOTO","1:UPRIGHT 2:SIDEWAYS","1=[none] Page 1 of 'THE TOM & TOM SONG' (bubble-letter title, PREMISE, BIO...) with a torn strip on top in purple ink: 'FIND MATCHING ITEM and ADD This to it'. || 2=[none readable (an edge of a paper with drawn boxes peeks in at the bottom, no digits visible)] Page 2 of the song ('Show a picture of a fat lady... Oh, you are so wrong!') plus the same purple 'FIND MATCHING ITEM' strip. Writing runs up the screen - needs a quarter turn clockwise.","MATCH","Both pages typed and they match the two photos.","OK","Title written on the sheet.","No number blocks in any photo. Photo 2 is sideways. Both photos show Tom's filing note 'FIND MATCHING ITEM and ADD This to it' - a buyer will see it. Summary calls it a 'purple sticky note'; it is a torn notebook strip written in purple ink.","SURE"
"G03_POEM_IN_34_ALBUMS_PAGE_09_OF_13_V10F_W0220__cards_21-30__READER_A.json","986","986","MATCHES","1:UPRIGHT","1=[9-8-6 in a row = 986] Torn lined sheet: scribbled-out title, 'need more lyrics', 'RIP' in the left margin, poem 'A crashing wave of thought...'.","MATCH","Typed words match. 'need more lyrics' is written plainly, not scribbled; 'RIP' in the margin and a circled '2' are not typed (minor).","OK","First line of the poem (title is scribbled out).","","SURE"
"G03_POEM_IN_34_ALBUMS_PAGE_09_OF_13_V10F_W0220__cards_21-30__READER_A.json","997","997","MATCHES","1:UPRIGHT","1=[9-9-7 in a row = 997] Torn notebook sheet titled 'Duet alone': 'When the sea gets rough / And the ship's taking on water fast / ... / Like you're chained and anchored to the mast', with syllable counts 5/9 in the margin.","WORDS FROM ANOTHER SHEET","Typed words are 'Landscaper's Dream' and 'It's time to write a song' - neither is on this photo. The sheet pictured is 'Duet alone' (When the sea gets rough...), which is not typed at all.","NOT FROM THIS SHEET","Should be 'Duet Alone' (title on the sheet) or first line 'When the sea gets rough'.","Card name and words do not describe the pictured sheet. 'It's time to write a song' text also appears in card 998's typed words.","SURE"
"G03_POEM_IN_34_ALBUMS_PAGE_09_OF_13_V10F_W0220__cards_21-30__READER_A.json","998","998","MATCHES","1:UPRIGHT 2:UPRIGHT","1=[9-9-8 in a row = 998] Mostly blank notebook sheet with 2 lines: 'Ahh... I couldn't tell you what I knew / Even if I wanted to...'. || 2=[9-9-8 in a row = 998] Lined sheet, blue ink and pencil: 'Once upon a time it was still... Just to give me a number'.","TYPED WORDS INCLUDE A SHEET NOT PICTURED","'Ahh...' (photo 1) and 'Once upon a time...' (photo 2) match. Not on any photo: 'Every night I stayed awake / insomnia' verse, 'I have listened to the people' verse, and 'It's time to write a song' verse. 'Once upon a time' is also typed twice.","OK","First line of photo 1.","","SURE"
"G03_POEM_IN_34_ALBUMS_PAGE_09_OF_13_V10F_W0220__cards_21-30__READER_A.json","1038","1038","MATCHES","1:UPRIGHT 2:UPRIGHT","1=[1-0-3-8 in a row = 1038] Lined sheet: 'I bring people to the truth... Why can't we play nice?'. || 2=[1-0-3-8 in a row = 1038] Spiral notebook sheet: 'She left for work without saying goodbye... Get up open up the door and let me out'. Turned copy reads correctly.","MATCH","Both sheets typed and match.","OK","First line of photo 1.","","SURE"
"G03_POEM_IN_34_ALBUMS_PAGE_09_OF_13_V10F_W0220__cards_21-30__READER_A.json","1061","1061","MATCHES","1:UPRIGHT","1=[1-0-6-1 in a row = 1061] Lined sheet, 10 lines starting 'Soulmates lost we no longer morn'.","MATCH","Typed words match line for line.","OK","First line of the sheet.","","SURE"
"G03_POEM_IN_34_ALBUMS_PAGE_09_OF_13_V10F_W0220__cards_21-30__READER_A.json","1735","1735","MATCHES","1:UPRIGHT 2:UPRIGHT 3:UPRIGHT","1=[1-7-3-5 in a row = 1735] Two white sheets laid top to bottom: red-ink title 'I Pretend my hate comes from a noble place' with verse, and second sheet 'The mask they wear is falling...'. || 2=[blocks cut off at top edge, 7-3-5 partly visible, consistent with 1735] Close-up of sheet 1 (red title and verse). || 3=[none] Close-up of sheet 2 ('The mask they wear is falling... Await the very same fate').","SMALL DIFFERENCES","The same two sheets are typed twice. The first reading has misreads ('I'm not drafted but Cagel Zelinsky', 'throwing hospital passes as neglect', '[symbol]') and a margin note 'Oct 23 23 / 12 18 15' that I cannot see written on any photo. The second reading matches the photos well.","OK","Title from the sheet, but cut short - full title is 'I Pretend My Hate Comes From a Noble Place'.","Faint marks at the bottom of sheet 2 in photo 1 are unreadable (may be the date note).","FAIRLY SURE"
"G03_POEM_IN_34_ALBUMS_PAGE_09_OF_13_V10F_W0220__cards_21-30__READER_A.json","21","021","MATCHES","1:UPRIGHT","1=[0-2-1 in a row = 021] Notebook sheet titled 'MY Garden', about 20 lines: 'No matter the time... watch it grow'.","SHEET WORDS NOT TYPED","Only 3 lines typed ('Your future's been planted out / With the choices you've made / Your fate has been Sealed'). Missing: 'No matter the time... seeds have already been sown' above, and 'We all search for the answers... watch it grow' below. Typed line also drops 'in the field'.","OK","Title written on the sheet.","","SURE"
"G03_POEM_IN_34_ALBUMS_PAGE_10_OF_13_V10F_W0220__cards_01-10__READER_A.json","23","023","MATCHES","1:UPRIGHT","1=[0-2-3 = 023] Hole-punched loose leaf, title BLANK PAGES, about 25 handwritten lines","SHEET WORDS NOT TYPED","Only 3 lines typed (first two lines and the 'yes when I mean no' line). The rest of the sheet (about 20 lines, from 'It is up to me what to fill that book with' to 'I will not leave any pages blank') is not typed.","OK","Title BLANK PAGES written at top of sheet.","","SURE"
"G03_POEM_IN_34_ALBUMS_PAGE_10_OF_13_V10F_W0220__cards_01-10__READER_A.json","44","044","MATCHES","1:UPRIGHT","1=[0-4-4 = 044] White lined loose leaf, spiral-torn edge, I AM WORSE THAN JUDAS with crossouts","SMALL DIFFERENCES","Sheet reads 'Now may I go in peace / Finally I have my freedom'; typed has 'Now I can have my freedom / Finally I have found peace' (peace/freedom swapped). Rest matches.","OK","Title/first line on sheet.","Summary says Dodge Street Bar and Grill August 2003 schedule on pink paper; the photo shows plain white lined loose leaf, no flyer, no pink paper.","FAIRLY SURE"
"G03_POEM_IN_34_ALBUMS_PAGE_10_OF_13_V10F_W0220__cards_01-10__READER_A.json","49","049","MATCHES","1:UPRIGHT 2:UPRIGHT","1=[0-4-9 = 049] Handwritten 8 lines 'Seems like silver is the color' on plain sheet (printed grid faintly showing through from back) || 2=[0-4-9 = 049] Printed Dodge Street Bar and Grill March 2002 music schedule flyer, no handwriting visible (other side of the sheet)","SMALL DIFFERENCES","Typed skips the repeated line 'Seems like silver is the color' (line 3) and the line 'Though I heard my soul scream'. Rest matches.","OK","First line of sheet.","Summary says 'numbered 9+4 in cards'; blocks read 0-4-9. Minor.","SURE"
"G03_POEM_IN_34_ALBUMS_PAGE_10_OF_13_V10F_W0220__cards_01-10__READER_A.json","62","062","MATCHES","1:UPRIGHT","1=[0-6-2 = 062] White lined notebook sheet, bubble-letter title ALL YOU GOT, 12 lines","MATCH","","OK","Title ALL YOU GOT in bubble letters.","Summary says 'torn envelope or folded paper, yellowed/cream, numbered 9 in cards'; photo shows a clean white lined notebook sheet numbered 0-6-2.","SURE"
"G03_POEM_IN_34_ALBUMS_PAGE_10_OF_13_V10F_W0220__cards_01-10__READER_A.json","63","063","MATCHES","1:UPRIGHT","1=[0-6-3 = 063] Lined loose leaf marked 21 at top, 'Well the doctor's in and he'll take your money'","MATCH","Tiny misread only ('faking' where sheet reads 'while they're raking').","OK","First line of sheet.","Summary says 'numbered 0 (=10?) in cards'; blocks read 0-6-3. Minor.","SURE"
"G03_POEM_IN_34_ALBUMS_PAGE_10_OF_13_V10F_W0220__cards_01-10__READER_A.json","66","066","MATCHES","1:UPRIGHT","1=[0-6-6 = 066] Spiral-torn lined sheet, 4 handwritten lines 'They only say you first'","MATCH","","OK","First line of sheet.","Summary says 'torn spiral strip, small'; it is a full-size spiral-torn sheet. Minor.","SURE"
"G03_POEM_IN_34_ALBUMS_PAGE_10_OF_13_V10F_W0220__cards_01-10__READER_A.json","77","077","MATCHES","1:UPRIGHT","1=[0-7-7 = 077] Cream/yellowish lined sheet, 'It's not that I'd rather be alone'","MATCH","","OK","First line of sheet.","","SURE"
"G03_POEM_IN_34_ALBUMS_PAGE_10_OF_13_V10F_W0220__cards_01-10__READER_A.json","81","081","MATCHES","1:UPRIGHT","1=[0-8-1 = 081] Aged lined loose leaf, 8 lines 'I'm a white boy with no rhythm'","SMALL DIFFERENCES","Typed marks 'I won't allow' as struck out; on the sheet only 'that' is crossed out and 'I won't allow myself to believe it' stands. Rest matches.","OK","First line of sheet.","Summary says 'two shots of same single sheet' but the card has only one photo.","SURE"
"G03_POEM_IN_34_ALBUMS_PAGE_10_OF_13_V10F_W0220__cards_01-10__READER_A.json","95","095","MATCHES","1:UPRIGHT","1=[0-9-5 = 095] Hole-punched loose leaf, dark ink, A/A/B rhyme letters in margin, 'Two morning doves rests upon a limb', no title","MATCH","Typed follows the sheet line for line, rhyme letters included.","NOT FROM THIS SHEET","No title or 'closer to God' words on the sheet. From the sheet: 'Two morning doves rests upon a limb' (first line).","","FAIRLY SURE"
"G03_POEM_IN_34_ALBUMS_PAGE_10_OF_13_V10F_W0220__cards_01-10__READER_A.json","110","110","MATCHES","1:UPRIGHT","1=[1-1-0 = 110] Spiral-torn lined sheet, 'I'm sorry to have to tell you this'","MATCH","","OK","First line of sheet.","","SURE"
"G03_POEM_IN_34_ALBUMS_PAGE_10_OF_13_V10F_W0220__cards_11-20__READER_A.json","118","118","MATCHES","1:UPRIGHT","1=[1-1-8 (118)] One loose-leaf sheet, no title, 10 lines starting 'Something's gonna have to be sacrificed' ending 'If it's in you?'","TYPED WORDS INCLUDE A SHEET NOT PICTURED","First part (Something's gonna have to be sacrificed ... If it's in you?) matches the photo. The second part after the --- ('I've been looking around for some inspiration ... celebration') is on no photo here.","NOT FROM THIS SHEET","'MISS YOU / KISS YOU' is not written on this sheet. Sheet has no title; first line is 'Something's gonna have to be sacrificed'.","Summary says two sheets incl. a song architecture map (sheet 372); only one plain lyric sheet is pictured, no map.","SURE"
"G03_POEM_IN_34_ALBUMS_PAGE_10_OF_13_V10F_W0220__cards_11-20__READER_A.json","123","123","MATCHES","1:UPRIGHT","1=[1-2-3 (123)] Yellow legal-pad sheet, 5 lines 'What has once been bought now has been sold ... warmth is cold'","MATCH","All 5 lines match.","OK","No title on sheet; 'midas touch' is the hook in line 2.","Summary says 'loose leaf - large block letters, sparse'; photo is a yellow legal pad in normal print. Minor.","SURE"
"G03_POEM_IN_34_ALBUMS_PAGE_10_OF_13_V10F_W0220__cards_11-20__READER_A.json","134","134","MATCHES","1:UPRIGHT","1=[1-3-4 (134)] Loose sheet in purple (first 2 lines blue) ink, 'My mind is screaming!' ... 'CC..'","MATCH","All lines match, including the 'CC..' sign-off.","OK","First line.","","SURE"
"G03_POEM_IN_34_ALBUMS_PAGE_10_OF_13_V10F_W0220__cards_11-20__READER_A.json","136","136","MATCHES","1:UPRIGHT 2:UPRIGHT 3:SIDEWAYS","1=[1-3-6 (136)] Back of a tall promo card, dated 5/10/00, lyric 'It feels like Friday night ... by a train' || 2=[1-3-6 (136)] Front of the same Doc Otis Hard Lemon promo card (fold-over tent card; top panel printed inverted by design, bottom panel upright) || 3=[none (only circled page numbers 1, 3, 6 on notebook sheets, not number blocks)] Stack of spiral notebook pages with boxed song lists (UNWINNABLE, LIVING LARGE, NAME IN LIGHTS, RAIN, RAT PARK, PUZZLE PIECES, REHAB ...; 'WALKING PARADOX', 'Thirty seconds') - a different piece","SHEET WORDS NOT TYPED","Typed words match photos 1 and 2 (lyric + printed promo text). Photo 3's song lists are not typed - and photo 3 is not this piece.","NOT FROM THIS SHEET","'WATERING THE WEEDS' is not on the card. No title; first line is 'It feels like Friday night'.","Photo 3 (gems-1500-1799-b\20260828_095122.jpg) is a different piece: sideways shot of song-list notebook pages with no number blocks; its circled page numbers 1, 3, 6 were likely misread as 136. It should come off this card.","SURE"
"G03_POEM_IN_34_ALBUMS_PAGE_10_OF_13_V10F_W0220__cards_11-20__READER_A.json","137","137","MATCHES","1:UPRIGHT","1=[1-3-7 (137)] Loose-leaf sheet, 4 lines 'Some people only buy a thirty ... snickers and mounds'","MATCH","All lines match.","OK","First line.","","SURE"
"G03_POEM_IN_34_ALBUMS_PAGE_10_OF_13_V10F_W0220__cards_11-20__READER_A.json","143","143","MATCHES","1:UPRIGHT","1=[1-4-3 (143)] Spiral-torn sheet titled BREAKING THE LAW, lyric through 'Even after I die'","MATCH","All lines match; bracketed [?] spots are fine ('Alvin Cohol', 'Never').","OK","Title written at top of sheet.","Summary says 'heavy crossouts throughout, bridge diagram at bottom'; photo has only 2-3 small crossouts and no diagram.","SURE"
"G03_POEM_IN_34_ALBUMS_PAGE_10_OF_13_V10F_W0220__cards_11-20__READER_A.json","145","145","MATCHES","1:UPRIGHT","1=[1-4-5 (145)] Spiral-torn loose-leaf sheet, 12 lines 'I just bought a beeper ... Will leave you down and out'","MATCH","All 12 lines match.","NOT FROM THIS SHEET","'NEVER AGAIN' is not on the sheet. No title; first line/hook is 'I just bought a beeper'.","","SURE"
"G03_POEM_IN_34_ALBUMS_PAGE_10_OF_13_V10F_W0220__cards_11-20__READER_A.json","147","147","MATCHES","1:UPRIGHT","1=[1-4-7 (147)] Spiral-torn loose-leaf sheet, 8 lines 'I USED TO TYPE ON A COMPUTER ... When the summer changed to fall'","MATCH","All 8 lines match.","OK","First line.","","SURE"
"G03_POEM_IN_34_ALBUMS_PAGE_10_OF_13_V10F_W0220__cards_11-20__READER_A.json","162","162","MATCHES","1:UPRIGHT","1=[1-6-2 (162)] Loose-leaf sheet in cursive, 8 lines 'Would it really matter one slip of the knife? ... black as spades' plus 'Lilt / Guilt' below","MATCH","All lines match, including 'Lilt / Guilt'.","OK","First line.","","SURE"
"G03_POEM_IN_34_ALBUMS_PAGE_10_OF_13_V10F_W0220__cards_11-20__READER_A.json","198","198","MATCHES","1:UPRIGHT","1=[1-9-8 (198)] Small spiral-torn notepad sheet, 10 lines 'Such a waste of time ... Never tasting true freedom'","MATCH","All lines match (crossed-out 'That' is typed; trivial).","OK","First line.","","SURE"
"G03_POEM_IN_34_ALBUMS_PAGE_10_OF_13_V10F_W0220__cards_21-30__READER_A.json","203","203","MATCHES","1:UPRIGHT","1=[2-0-3] Creased, torn-edge lined sheet with 6 handwritten lines about war, line counts 14/14/12/12 in left margin","SMALL DIFFERENCES","Line 3 on the sheet reads 'Throughout all of our history it's been intertwined with our destiny' - typed drops 'destiny' (and the added 'all of', 'it's'). 'rests within' is an insert over line 3/4, typed as a separate stray line 'rests within its'.","OK","Name is the first line, but it starts with '14 14', which are margin line counts, not words. Better: 'It's Such a complicated subject this matter of war'.","Summary says 'severely crumpled' - sheet is creased with a torn edge and folded corner, not badly crumpled.","SURE"
"G03_POEM_IN_34_ALBUMS_PAGE_10_OF_13_V10F_W0220__cards_21-30__READER_A.json","205","205","MATCHES","1:UPRIGHT","1=[2-0-5] Lined notebook sheet, 14 handwritten lines 'I said you've got to hold on', a few crossed-out words","SMALL DIFFERENCES","The line 'if you keep on trying' is NOT crossed out on the sheet (only a word before it is), but typed shows it as crossed out. Otherwise matches.","OK","First line.","","SURE"
"G03_POEM_IN_34_ALBUMS_PAGE_10_OF_13_V10F_W0220__cards_21-30__READER_A.json","215","215","MATCHES","1:UPRIGHT","1=[2-1-5] Printed (typed) sheet of 9 'white trashification' verses with handwritten ending lines and two handwritten verses at bottom","SHEET WORDS NOT TYPED","Typed words only cover the two handwritten verses at the bottom. Missing: the handwritten line 'Hoping for a reversal of trends but how much longer will I have to wait?' and all 8+ printed verses above it (real estate, Katrina, Walmartization, etc.).","OK","The repeated opening line of every verse.","","SURE"
"G03_POEM_IN_34_ALBUMS_PAGE_10_OF_13_V10F_W0220__cards_21-30__READER_A.json","222","222","MATCHES","1:UPRIGHT","1=[2-2-2] Yellow legal pad sheet titled ABSOLUTELY MARIE, two boxed verses with chorus, timing notes at bottom","SHEET WORDS NOT TYPED","Typed words are only two lines ('Words I think Bob Dylan said / Just leave it up to him to steal my phrase for you'). The whole rest of the song on the sheet is not typed: 'I know her name... Absolutely Sweet Marie', both verses, both 'Absolutely' choruses, 'She is positively a woman...', 'You never know what the future holds...'.","OK","Title printed at top of sheet.","","SURE"
"G03_POEM_IN_34_ALBUMS_PAGE_10_OF_13_V10F_W0220__cards_21-30__READER_A.json","227","227","MATCHES","1:UPRIGHT","1=[2-2-7] Lined notebook sheet titled MY WILL, 8 handwritten lines","MATCH","","OK","Title at top of sheet.","","SURE"
"G03_POEM_IN_34_ALBUMS_PAGE_10_OF_13_V10F_W0220__cards_21-30__READER_A.json","243","243","MATCHES","1:UPRIGHT","1=[2-4-3] Folded white sheet, 7 handwritten lines 'I'm not an under a chiever...' with syllable counts and a rhyme list (Sooner/Rumor, humor, consumer, crime, rhyme, time...) on the right","MATCH","Only small misreads in the rhyme list (e.g. 'amor' looks like 'tumor', 'Thyme' is 'rhyme').","OK","'Sooner' is written at the top right as the heading word; first line is 'I'm not an under a chiever'.","","SURE"
"G03_POEM_IN_34_ALBUMS_PAGE_10_OF_13_V10F_W0220__cards_21-30__READER_A.json","248","248","MATCHES","1:UPRIGHT","1=[2-4-8] Torn half-sheet of lined notebook paper, short handwritten Crown Royal joke","MATCH","","OK","First line, cut short ('Do you really think they'd let a').","Summary says 'white lined index card' - it is a torn piece of lined notebook paper (pink margin line), not an index card.","SURE"
"G03_POEM_IN_34_ALBUMS_PAGE_10_OF_13_V10F_W0220__cards_21-30__READER_A.json","249","249","MATCHES","1:UPRIGHT","1=[2-4-9] Lined notebook sheet, 14 handwritten lines in cursive '9 o'clock in the morning'","MATCH","","OK","First line.","","SURE"
"G03_POEM_IN_34_ALBUMS_PAGE_10_OF_13_V10F_W0220__cards_21-30__READER_A.json","257","257","MATCHES","1:UPRIGHT","1=[2-5-7] Lined notebook sheet with ragged top, about 16 handwritten lines 'I love you to learn you', several crossed-out words","SHEET WORDS NOT TYPED","Typed has only the first 2 and last 2 lines. The middle is not typed: 'You see I got these demons / Who don't deal well with feelings / When betrayed by your senses / You learn to build up defenses / And to hide in dark places / drawing lines no one traces / Blazing a trail no one follows / A space empty and hollow'.","OK","First line.","","SURE"
"G03_POEM_IN_34_ALBUMS_PAGE_10_OF_13_V10F_W0220__cards_21-30__READER_A.json","258","258","MATCHES","1:UPRIGHT","1=[2-5-8] Lined notebook sheet with ragged top, 8 handwritten lines 'I'm tired of fakes and flakes' plus one line at the bottom","SHEET WORDS NOT TYPED","Typed misses the whole first verse ('I'm tired of fakes and flakes / For goodness sakes / I've had it up to here / Not sure how much more I can take') and the line 'I'm leading the legions'.","OK","First line of the sheet (but that line is missing from the typed words).","","SURE"
"G03_POEM_IN_34_ALBUMS_PAGE_11_OF_13_V10F_W0220__cards_01-10__READER_A.json","259","259","MATCHES","1:UPRIGHT","1=[2-5-9] Full lined sheet, poem 'My fear is my friend' with many lines and crossings-out; three number blocks above.","SHEET WORDS NOT TYPED","Photo 1: typed words are only a 4-line excerpt. Most of the sheet is not typed: 'Some call it other names / Play their silly games...', 'You're hearing two voices...', 'A separation of church and state...', 'We need common ground not lines in the sand...', 'With this goal in mind we must forge ahead... But with our backs to the wall we cannot stop'.","OK","First line of the sheet.","","SURE"
"G03_POEM_IN_34_ALBUMS_PAGE_11_OF_13_V10F_W0220__cards_01-10__READER_A.json","260","260","MATCHES","1:UPRIGHT","1=[2-6-0] Full lined sheet titled 'BFT by tom jensen', a long song ('Shameless, Blameless...' down to 'someone to hug you'); three number blocks above.","SHEET WORDS NOT TYPED","Photo 1: typed words are only 3 lines. The rest of the song is not typed (e.g. 'You tried for it...', 'It's written in the stars...', 'Stop, pause for applause...', 'Ain't no meeting in the middle...', 'Leaves you seeking a savior... someone to hug you').","OK","Title written at top: 'BFT'.","","SURE"
"G03_POEM_IN_34_ALBUMS_PAGE_11_OF_13_V10F_W0220__cards_01-10__READER_A.json","264","264","MATCHES","1:UPRIGHT","1=[2-6-4] Lined sheet, 9 lines 'Theres no parking spaces... gettin' blown away'; three number blocks above.","MATCH","All 9 lines typed.","OK","First line.","","SURE"
"G03_POEM_IN_34_ALBUMS_PAGE_11_OF_13_V10F_W0220__cards_01-10__READER_A.json","269","269","MATCHES","1:UPRIGHT","1=[2-6-9] Lined sheet titled 'AUDIENCE OF FATE', 8 lines; three number blocks above.","SHEET WORDS NOT TYPED","Photo 1: only the last 2 lines are typed. First 6 lines missing: 'Do I aim to reach just a thousand critics / Or a million common people world wide? / Do I use fancy words that twist into themselves / So many times that you need a dictionary to see inside / Or should I say it plain and simple / Using words to paint a picture to be your guide'.","OK","Title written on sheet.","","SURE"
"G03_POEM_IN_34_ALBUMS_PAGE_11_OF_13_V10F_W0220__cards_01-10__READER_A.json","276","276","MATCHES","1:UPRIGHT","1=[2-7-6] Lined sheet torn from a spiral, 10 lines 'I'm a singer songwriter... Let me ask you.'; three number blocks above.","SHEET WORDS NOT TYPED","Photo 1: only first 3 lines typed. Missing: 'I love asking questions / Though I don't always find or like every answer / Still I do it / I know I don't have to / If you were me / What would you do? / Let me ask you.'","OK","First line.","","SURE"
"G03_POEM_IN_34_ALBUMS_PAGE_11_OF_13_V10F_W0220__cards_01-10__READER_A.json","287","287","MATCHES","1:UPRIGHT","1=[2-8-7] Plain white sheet, black ink top half with blue/orange edits, big orange marker lines on bottom half; three number blocks above.","SHEET WORDS NOT TYPED","Photo 1: only first 4 lines typed. Missing: 'Back seat love can't beat it / And you're making it hard to resist ya fine sista / like to break ya like the law' and the orange section 'You don't need to say you love me / Never been my top priority / I'm standing looking down at you / Wishing that you were on top of me'.","OK","First line.","","SURE"
"G03_POEM_IN_34_ALBUMS_PAGE_11_OF_13_V10F_W0220__cards_01-10__READER_A.json","288","288","MATCHES","1:UPRIGHT","1=[2-8-8] White sheet in purple ink headed 'Song about types of torture: mental / physical', circled 'Naomi Klein 25:00 minutes into audio', then 'Corporatists hire Hypnotists...'; three number blocks above.","SMALL DIFFERENCES","Heading 'Song about types of torture: mental / physical' not typed. Last lines jumbled: sheet reads 'to grease the pliers that acts as the wrench to turn the screw that becomes part of the wall they build to divide me and you'; typed has 'to turn / acts as the wrench to becomes / ... they try build to divide us me and you'. Also 'minutes.' typed twice.","NOT FROM THIS SHEET","Card name is the circled source note, not the title. Title written at top: 'Song About Types of Torture' (or first line 'Corporatists Hire Hypnotists').","","FAIRLY SURE"
"G03_POEM_IN_34_ALBUMS_PAGE_11_OF_13_V10F_W0220__cards_01-10__READER_A.json","289","289","MATCHES","1:UPRIGHT","1=[2-8-9] Lined notebook sheet in cursive, 11 lines 'I am hoping it's not true... when I get tired'; three number blocks above.","SHEET WORDS NOT TYPED","Photo 1: typed words are an excerpt. Missing: 'I am hoping it's not true / But our time may have expired' and 'Or at least not like I used to / I won't lie, I'm not a liar / My eyes still like looking at you / Oh -'.","OK","First line of the sheet (not in the typed words, but on the sheet).","","SURE"
"G03_POEM_IN_34_ALBUMS_PAGE_11_OF_13_V10F_W0220__cards_01-10__READER_A.json","299","299","MATCHES","1:UPRIGHT","1=[2-9-9] Plain white sheet, 2 lines in faint pencil/pen 'It's not where you end up... life's not fair'; three number blocks above.","MATCH","Both lines typed.","OK","First line.","","SURE"
"G03_POEM_IN_34_ALBUMS_PAGE_11_OF_13_V10F_W0220__cards_01-10__READER_A.json","303","303","MATCHES","1:UPRIGHT","1=[3-0-3] Torn half sheet of lined paper, struck-out first try then 'Once I had... All I thought I'd need / now I got nothing But memories'; three number blocks above.","MATCH","Kept lines all typed; struck-out lines left out.","OK","First lines.","","SURE"
"G03_POEM_IN_34_ALBUMS_PAGE_11_OF_13_V10F_W0220__cards_11-20__READER_A.json","304","304","MATCHES","1:UPRIGHT","1=[3-0-4 in a row = 304] White sheet in block capitals, 'I AM TO GOD / WHAT THE BEATLES WERE TO JESUS', four stanzas split by lines","SMALL DIFFERENCES","The typed lines are right, but the two middle stanzas are missing: 'CHAINED TO A CROSS / YOU CAN STILL GET LOST / BUT NOT EVERYONE BELIEVES THIS' and 'NOAH FLOATED IN A FLOOD / AND THE REASON WAS BECAUSE / HUMANS ARE LIKE VIRUSES AND DISEASES'.","OK","The first two lines of the sheet.","","SURE"
"G03_POEM_IN_34_ALBUMS_PAGE_11_OF_13_V10F_W0220__cards_11-20__READER_A.json","306","306","MATCHES","1:UPRIGHT","1=[3-0-6 in a row = 306] Lined sheet in cursive, 'Almost slippery, it's so surreal', with brackets and one struck line","MATCH","All lines typed, including the struck 'The way I think'. 'Sun God Ra' may read 'Re' on the sheet, but that is only a spelling point.","OK","The first line.","","SURE"
"G03_POEM_IN_34_ALBUMS_PAGE_11_OF_13_V10F_W0220__cards_11-20__READER_A.json","307","307","MATCHES","1:UPRIGHT","1=[3-0-7 in a row = 307] Torn half-sheet of lined paper, 'Living in the age of painted rust', six lines","MATCH","All six lines match.","OK","The first line.","","SURE"
"G03_POEM_IN_34_ALBUMS_PAGE_11_OF_13_V10F_W0220__cards_11-20__READER_A.json","310","310","MATCHES","1:UPRIGHT 2:UPRIGHT 3:UPRIGHT","1=[3-1-0 in a row = 310] Both sheets laid out top to bottom: the SONG STRUCTURE plan sheet above the lyric sheet ('I found truth within a song') || 2=[3-1-0 in a row = 310] Close shot of the SONG STRUCTURE plan sheet (eyes/hair/face/fav. place, arrows, 'need Repeated Lyric') || 3=[3-1-0 in a row = 310] Close shot of the lyric sheet: verses 1 and 2, 'REPEAT?' chorus, 'It sounded alot like / A poem I once wrote for you'","SHEET WORDS NOT TYPED","None of the words on the SONG STRUCTURE sheet (photo 2, and the top of photo 1) are typed, e.g. 'Hear song on radio about female...', 'hair blonde and straight', 'That little wrinkle round your nose'. The typed words are only 6 lines from the lyric sheet (photo 3). Most of that sheet is not typed either (verse 2 'He described your eyes...', the 'Sounded a lot like' chorus).","OK","'SONG STRUCTURE' is the title written on sheet 1. But the typed words all come from sheet 2.","The summary calls it an 'Architecture plan'. It is a song-structure plan, and the summary does not mention the second lyric sheet.","SURE"
"G03_POEM_IN_34_ALBUMS_PAGE_11_OF_13_V10F_W0220__cards_11-20__READER_A.json","315","315","MATCHES","1:UPRIGHT","1=[3-1-5 in a row = 315] White sheet, 'La La La La La La La', with lines on the Taliban, Obama and Bill Clinton","SMALL DIFFERENCES","Not typed: the first line 'La La La La La La La', the second line 'Fuck the Taliban... and that son of a bitch OSAMA', and 'Ah Yeah...' before 'Bill Clinton'. The rest matches.","OK","The first line of the sheet (it is also on the sheet as the opening). Note that the name line is not in the typed words.","","SURE"
"G03_POEM_IN_34_ALBUMS_PAGE_11_OF_13_V10F_W0220__cards_11-20__READER_A.json","319","319","MATCHES","1:UPRIGHT","1=[3-1-9 in a row = 319] Lined sheet titled 'Obamafication of the masses', full poem","SMALL DIFFERENCES","This is only a short extract (3 lines plus 'Suffer sooner or suffer later'). Most of the sheet is not typed: 'Yes we can / But we didn't / See sometimes / Truth is hidden', 'Sure some words...', 'The Rhetoric just keeps getting repeated...', 'Vote for the war hero or the good neighbor', 'Yes we can...'. The words that are typed are correct.","OK","The title written on the sheet.","","SURE"
"G03_POEM_IN_34_ALBUMS_PAGE_11_OF_13_V10F_W0220__cards_11-20__READER_A.json","321","321","MATCHES","1:UPRIGHT","1=[3-2-1 in a row = 321] White sheet titled 'SELF': a printed-out lyric with handwritten edits, and the first stanza handwritten again below ('use first stanza')","SMALL DIFFERENCES","This is only a 4-line extract. Most of the sheet is not typed ('Staying awake trying / To find the right lines', 'Trying to explain this...', 'Raise your hands up...', and the handwritten first stanza written again). The typed lines are correct.","OK","The title 'SELF' written at the top.","The summary says 'lined paper'. The sheet is plain white with typed text and handwriting on it.","SURE"
"G03_POEM_IN_34_ALBUMS_PAGE_11_OF_13_V10F_W0220__cards_11-20__READER_A.json","338","338","MATCHES","1:UPRIGHT","1=[3-3-8 in a row = 338] Hole-punched lined sheet titled 'The Watcher' with drawn eyes, full lyric","SMALL DIFFERENCES","This is only a 4-line extract. Most of the sheet is not typed ('Hold onto your dreams / Tonight could be the night you fall in love...', 'He removed my blindfold...', etc.). The typed lines are correct.","OK","The title written on the sheet.","The summary says 'torn sheet'. It looks like a whole hole-punched sheet.","SURE"
"G03_POEM_IN_34_ALBUMS_PAGE_11_OF_13_V10F_W0220__cards_11-20__READER_A.json","344","344","MATCHES","1:UPRIGHT","1=[3-4-4 in a row = 344] Hole-punched lined sheet, 'As if you were my children I sacrifice for you', full lyric","SMALL DIFFERENCES","This is only a 4-line extract (two lines from the middle and the last two). Most of the sheet is not typed ('A mind like mine don't come around that often...', 'I put my girl on hold...', 'Now stand before you naked...', etc.). The typed lines are correct.","OK","The first line of the sheet.","","SURE"
"G03_POEM_IN_34_ALBUMS_PAGE_11_OF_13_V10F_W0220__cards_11-20__READER_A.json","349","349","MATCHES","1:UPRIGHT","1=[3-4-9 in a row = 349] Spiral-torn lined sheet, 'Has she ever called out my name when you two were lying in bed?', 7 lines","SMALL DIFFERENCES","Only the first and last lines are typed. Not typed: 'Did she ever scream out in pain ""I can't get him out of my head!""', 'Has she ever said that I was to blame yes I'm sure that's what she said', 'Did she ever complain that she'd be better off dead?', 'I'm sure she did. So hard to keep those feelings hid'.","OK","The first line of the sheet.","","SURE"
"G03_POEM_IN_34_ALBUMS_PAGE_11_OF_13_V10F_W0220__cards_21-30__READER_A.json","354","354","MATCHES","1:UPRIGHT","1=[3-5-4 in a row = 354] Lined notebook sheet, Snapple / Adam and Eve lyric, blocks above","MATCH","Typed words match the sheet line for line.","OK","First line of the sheet.","","SURE"
"G03_POEM_IN_34_ALBUMS_PAGE_11_OF_13_V10F_W0220__cards_21-30__READER_A.json","363","363","MATCHES","1:UPRIGHT","1=[3-6-3 in a row = 363] Lined notebook sheet, two lines in blue ink, blocks above","MATCH","Both lines match; 'you' struck and 'who' written above, typed as 'who will catch me' - correct.","OK","First line of the sheet.","","SURE"
"G03_POEM_IN_34_ALBUMS_PAGE_11_OF_13_V10F_W0220__cards_21-30__READER_A.json","382","382","MATCHES","1:UPRIGHT","1=[3-8-2 in a row = 382] Cream/manila sheet, 'Like cats and dogs' 8 lines, blocks above","MATCH","All 8 lines match.","OK","First line of the sheet.","","SURE"
"G03_POEM_IN_34_ALBUMS_PAGE_11_OF_13_V10F_W0220__cards_21-30__READER_A.json","385","385","MATCHES","1:UPRIGHT","1=[3-8-5 in a row = 385] Loose-leaf sheet in pencil, 'Let me / Bend you... / Shape you', circled B/A letters in margin, blocks above","MATCH","Words match; circled B/A margin letters not typed (fine).","OK","First line of the sheet.","","SURE"
"G03_POEM_IN_34_ALBUMS_PAGE_11_OF_13_V10F_W0220__cards_21-30__READER_A.json","403","403","MATCHES","1:UPRIGHT","1=[4-0-3 in a row = 403] Torn lined sheet, 'I'm so tired of being bored that I'm restless', blocks above","MATCH","All lines match ('nearly' written above 'every day' is placed on the 'guessed it' line in the typing - small placement only).","NOT FROM THIS SHEET","'A lesson in politics one on one' is written nowhere on the sheet. Sheet first line: 'I'm so tired of being bored that I'm restless'. (Name may be the song these lines went into - not on the paper.)","Summary says blue ink; the ink looks black/dark.","FAIRLY SURE"
"G03_POEM_IN_34_ALBUMS_PAGE_11_OF_13_V10F_W0220__cards_21-30__READER_A.json","404","404","MATCHES","1:UPRIGHT","1=[4-0-4 in a row = 404] Torn lined sheet, bar / Jim Beam lyric 16 lines, blocks above","SMALL DIFFERENCES","Last line on sheet is 'Empty chair beside me tells me I don't have a date' - typed drops 'tells me'. 'tes here at the bar' should be 'Yes here at the bar'.","OK","First line of the sheet.","","SURE"
"G03_POEM_IN_34_ALBUMS_PAGE_11_OF_13_V10F_W0220__cards_21-30__READER_A.json","424","424","MATCHES","1:UPRIGHT","1=[4-2-4 in a row = 424] Lined notebook sheet, three lines in blue ink 'The time has come', blocks above","MATCH","All 3 lines match.","NOT FROM THIS SHEET","'Get outta my house' is written nowhere on the sheet. Should be 'The time has come' (first line).","Summary says the number squares are on the left side; they sit in a row across the top.","SURE"
"G03_POEM_IN_34_ALBUMS_PAGE_11_OF_13_V10F_W0220__cards_21-30__READER_A.json","430","430","MATCHES","1:UPRIGHT","1=[4-3-0 in a row = 430] Torn lined sheet in pencil titled 'Dead History', 7 lines plus 'If you don't know then know ya know', blocks above","TYPED WORDS INCLUDE A SHEET NOT PICTURED","First block (Dead History to 'If you don't know then know ya know') matches the photo. The four sections after it ('Well, the circle has been completed...', 'I told myself I've got to give in...', 'All my inner turmoil is at peace...', 'I spotted your car in the parking lot...') are on no photo here - likely the back of the sheet or another sheet.","OK","Title written at top of sheet.","Only the front is pictured; if the extra typed sections are on the back, a back photo is missing.","SURE"
"G03_POEM_IN_34_ALBUMS_PAGE_11_OF_13_V10F_W0220__cards_21-30__READER_A.json","437","437","MATCHES","1:UPRIGHT","1=[4-3-7 in a row = 437] Loose-leaf sheet 'If I could free myself', scribbled-out lines, blocks above","MATCH","Lines match, struck lines marked; 'somebody' corrected to 'someone' on the sheet, typed 'someone' - fine.","OK","First line of the sheet.","","SURE"
"G03_POEM_IN_34_ALBUMS_PAGE_11_OF_13_V10F_W0220__cards_21-30__READER_A.json","441","441","MATCHES","1:UPRIGHT","1=[4-4-1 in a row = 441] Lined notebook sheet in pencil 'I just got a pardon', 8 lines, blocks above","SMALL DIFFERENCES","On the sheet 'submit' is struck out with 'admit' written above ('Because I didn't admit'); typed keeps the struck 'submit'. Margin alternate ('would get submit as evidence') not typed.","OK","First line of the sheet.","","FAIRLY SURE"
"G03_POEM_IN_34_ALBUMS_PAGE_12_OF_13_V10F_W0220__cards_01-10__READER_A.json","449","449","MATCHES","1:UPRIGHT","1=[4-4-9 in a row = 449] Torn lined sheet, blue ink, 10 lines starting 'I've been busy burning bridges'","MATCH","Typed words match the sheet line for line (the word 'See' before 'everybody' is crossed out on the sheet - minor).","NOT FROM THIS SHEET","'No Rhyme or Reason' is not written anywhere on the sheet. From the sheet it would be the first line: 'I've been busy burning bridges'.","Summary quotes a 'PROVENANCE NOTE' (acid trip / study guide) that is not visible in the photo.","SURE"
"G03_POEM_IN_34_ALBUMS_PAGE_12_OF_13_V10F_W0220__cards_01-10__READER_A.json","456","456","MATCHES","1:UPRIGHT","1=[4-5-6 in a row = 456] Spiral-torn lined sheet, black ink with purple edits, 'I broke up with your sister'","SMALL DIFFERENCES","Line 6 on the sheet reads 'They sing themselves' (purple correction over a crossed-out word); typed says 'not singing themselves'. Rest matches.","OK","First line of the sheet.","","SURE"
"G03_POEM_IN_34_ALBUMS_PAGE_12_OF_13_V10F_W0220__cards_01-10__READER_A.json","464","464","MATCHES","1:UPRIGHT","1=[4-6-4 in a row = 464] Lined sheet, 8 lines with syllable counts (8) in margin, 'I got people dropping like flies'","MATCH","Typed words match the sheet, including the 8 syllable counts and crossed-out words.","NOT FROM THIS SHEET","'TAXATION WITHOUT REPRESENTATION' is not on the sheet. From the sheet: 'I got people dropping like flies'.","Summary is just the word 'notebook'.","SURE"
"G03_POEM_IN_34_ALBUMS_PAGE_12_OF_13_V10F_W0220__cards_01-10__READER_A.json","465","465","MATCHES","1:UPRIGHT 2:UPRIGHT","1=[4-6-5 in a row = 465] Torn strip of lined paper, 3 lines: 'When you put it on the poster / the shorter the name / the bigger the print' || 2=[4-6-5 in a row = 465] Full lined sheet of numbered verses 1-7: 'Some may say you're a little crazy', 'YOU'RE Real Cold And Not Nice, too', 'I can only stand to be around you', 'Ah... Nah...', 'Poison Apple (P.34)', etc.","SHEET WORDS NOT TYPED","Photo 1 is typed. Photo 2: only its 3 top note lines (Rest of the story / Real Cold / IGNORE) are typed; the numbered verses 1-7 on the rest of that sheet are missing.","NOT FROM THIS SHEET","'WORTH A SHOT' is not on either sheet. From photo 1: 'When you put it on the poster' (photo 2's main verse: 'YOU'RE Real Cold').","Summary is just the word 'notebook'. Card shows two different sheets under one number (both carry 465 blocks).","SURE"
"G03_POEM_IN_34_ALBUMS_PAGE_12_OF_13_V10F_W0220__cards_01-10__READER_A.json","499","499","MATCHES","1:UPRIGHT","1=[4-9-9 in a row = 499] Plain white sheet, black ink, 'I had a glass of wine and I felt fine'","MATCH","Typed words match the sheet.","OK","First line of the sheet.","Summary says 'lined notebook paper'; the sheet looks plain unlined white paper (minor).","SURE"
"G03_POEM_IN_34_ALBUMS_PAGE_12_OF_13_V10F_W0220__cards_01-10__READER_A.json","517","517","MATCHES","1:UPRIGHT 2:UPRIGHT","1=[5-1-7 in a row = 517] Lined sheet titled 'AS FOR ME', black ink || 2=[5-1-7 in a row = 517] Different lined sheet titled 'PIGEON LAND' in purple ink, 21 lines 'As I stumble down the street...'","SHEET WORDS NOT TYPED","Photo 1 (AS FOR ME) is typed and matches. Photo 2 (PIGEON LAND, 'As I stumble down the street... I suggest you shouldn't stay') is not typed at all.","OK","'AS FOR ME' is the title on photo 1; photo 2's sheet is titled 'PIGEON LAND' and is not named on the card.","Card shows two different titled sheets, both with 517 blocks. Summary says 'white paper plate with creases' - both photos are lined notebook paper.","SURE"
"G03_POEM_IN_34_ALBUMS_PAGE_12_OF_13_V10F_W0220__cards_01-10__READER_A.json","525","525","MATCHES","1:UPRIGHT","1=[5-2-5 in a row = 525] Lined sheet, 'The toilet paper song / Wipe with Left / Shake with Right'","TYPED WORDS INCLUDE A SHEET NOT PICTURED","The last part after '---' ('I am not here / I am someplace else / In a room full of people / I am all by myself') is not on the pictured sheet. Minor misread: sheet says 'Hell, shake with the right, too'.","OK","Title written at top of the sheet.","Summary says 'Four lines of handwritten text' - the sheet has about 17 lines.","SURE"
"G03_POEM_IN_34_ALBUMS_PAGE_12_OF_13_V10F_W0220__cards_01-10__READER_A.json","599","599","MATCHES","1:UPRIGHT","1=[5-9-9 in a row = 599] Lined sheet titled 'UNDEFEATED by Tom Jensen', 'I AIN'T GOT NO PLANS this minute...', 'Because father Time's undefeated'","WORDS FROM ANOTHER SHEET","Typed words (insomnia verse: 'Every night I stayed awake / Trying to find a cure for insomnia...') are nowhere on this sheet. The sheet's words ('I AIN'T GOT NO PLANS this minute / So I'm seizing the moment...') are not typed.","OK","'UNDEFEATED' is the title on the sheet.","Summary says torn white paper in black ink - it is a lined notebook sheet (minor).","SURE"
"G03_POEM_IN_34_ALBUMS_PAGE_12_OF_13_V10F_W0220__cards_01-10__READER_A.json","623","623 (photos 1 and 2); photo 3 shows only one cut-off block reading 5","DIFFERENT NUMBER","1:UPRIGHT 2:UPRIGHT 3:SIDEWAYS","1=[6-2-3 in a row = 623] Spiral-torn lined sheet, 4 lines 'Everybody wants to know what you're sayin'' || 2=[6-2-3 in a row = 623] Same sheet as photo 1, second shot (printer in background) || 3=[one block at top-right edge, cut off, reads 5 - not 623] A hand flipping loose lined sheets seen from the back; ruled lines run up and down; only faint show-through, no readable writing","SMALL DIFFERENCES","The same 4 lines are typed twice (once with cross-out notes, once clean). Only one sheet is pictured. Words themselves match.","OK","First line of the sheet.","Photo 3 is not this piece: blank backs of sheets with a partial block '5' (another item's number). Photos 1 and 2 repeat the same sheet. Summary says 'hole-punched' - edge is spiral-torn (minor).","FAIRLY SURE"
"G03_POEM_IN_34_ALBUMS_PAGE_12_OF_13_V10F_W0220__cards_01-10__READER_A.json","633","633","MATCHES","1:UPRIGHT","1=[6-3-3 in a row = 633] Lined sheet, 'Best place for a lie is between two truths', middle block boxed and crossed out with a big X","SMALL DIFFERENCES","Lines 4-5 garbled: sheet reads 'Listening to Joe Rogan / Wondering how long until he calls me / to be coming on his show so'; typed has 'I was to Joe Rogan / Listening how long...'. Rest matches.","OK","First line of the sheet.","","SURE"
"G03_POEM_IN_34_ALBUMS_PAGE_12_OF_13_V10F_W0220__cards_11-20__READER_A.json","634","634","MATCHES","1:UPRIGHT","1=[6-3-4 in a row = 634] Three number blocks above a torn strip of lined paper with the 'I'm a yellow fellow (Hello!)' poem in ink.","MATCH","Matches. Small misreads only: sheet says 'it hides that inside' (typed 'rides'); first line reads 'yellow mellow fellow' with corrections (typed drops 'mellow').","OK","First line of the sheet.","","SURE"
"G03_POEM_IN_34_ALBUMS_PAGE_12_OF_13_V10F_W0220__cards_11-20__READER_A.json","636","636","MATCHES","1:UPRIGHT 2:UPRIGHT","1=[6-3-6 in a row = 636] Blocks above a full lined sheet with the 6-line 'When chaos comes calling' poem in ink. || 2=[none] A folded lined sheet held up by hand at an angle, with very faint pencil writing that cannot be read; no blocks.","SHEET WORDS NOT TYPED","The ink poem on photo 1 matches the first part. Photo 2's faint pencil writing is typed only as 15 lines of '[?]' - a buyer sees a column of [?] marks.","OK","First line of the sheet.","Photo 2 is blurry/faint and unreadable, shows no blocks, and cannot be confirmed as the same sheet as photo 1 (it may be the back or a different page).","FAIRLY SURE"
"G03_POEM_IN_34_ALBUMS_PAGE_12_OF_13_V10F_W0220__cards_11-20__READER_A.json","638","638","MATCHES","1:UPRIGHT","1=[6-3-8 in a row = 638] Blocks above a white lined notebook sheet (spiral-torn top) with the 'You blew out my candle' poem in ink.","MATCH","Matches the six lines on the sheet (sheet adds 'when' above 'Then you flew off the handle').","NOT FROM THIS SHEET","'HALF WAY HOME' is not written anywhere on the sheet. Should be the first line: 'You blew out my candle'.","Summary says 'rough, textured tan paper' but the photo shows plain white lined notebook paper.","SURE"
"G03_POEM_IN_34_ALBUMS_PAGE_12_OF_13_V10F_W0220__cards_11-20__READER_A.json","639","639","MATCHES","1:UPRIGHT","1=[6-3-9 in a row = 639] Blocks above a lined notebook sheet with the 'Visions of your future are found in memories of your past' poem in ink.","TYPED WORDS INCLUDE A SHEET NOT PICTURED","The first part ('Father Time / The casino and father-time / Two who will take your last dime') is on no photo. The part after '---' matches the sheet.","OK","Matches the sheet's first line.","","SURE"
"G03_POEM_IN_34_ALBUMS_PAGE_12_OF_13_V10F_W0220__cards_11-20__READER_A.json","640","640","MATCHES","1:UPRIGHT","1=[6-4-0 in a row = 640] Blocks above a lined notebook sheet with the 'Close your eyes' poem in ink; last two lines crossed out.","MATCH","Matches. Small misreads: sheet says 'pinch yourself' (typed 'punch'); the last two typed lines with [?] are the two crossed-out lines at the bottom of the sheet.","OK","First line of the sheet.","","SURE"
"G03_POEM_IN_34_ALBUMS_PAGE_12_OF_13_V10F_W0220__cards_11-20__READER_A.json","641","641","MATCHES","1:UPRIGHT","1=[6-4-1 in a row = 641] Blocks above a lined notebook sheet with 'The ocean acts as the blood of the earth' poem, heavily crossed out in places.","MATCH","Matches the sheet, allowing for the heavy crossing-out.","OK","First line of the sheet.","Summary says pencil; the writing looks like dark ink. Minor.","SURE"
"G03_POEM_IN_34_ALBUMS_PAGE_12_OF_13_V10F_W0220__cards_11-20__READER_A.json","642","642","MATCHES","1:UPRIGHT","1=[6-4-2 in a row = 642] Blocks above a torn piece of lined notebook paper with the 'In I walk' rap lines in ink.","MATCH","All 17 lines match the sheet.","OK","First line of the sheet.","","SURE"
"G03_POEM_IN_34_ALBUMS_PAGE_12_OF_13_V10F_W0220__cards_11-20__READER_A.json","647","647","MATCHES","1:UPRIGHT","1=[6-4-7 in a row = 647] Blocks above a lined notebook sheet with the 'I've got no tears left to cry' poem in ink.","MATCH","Matches the sheet.","OK","First line of the sheet.","","SURE"
"G03_POEM_IN_34_ALBUMS_PAGE_12_OF_13_V10F_W0220__cards_11-20__READER_A.json","651","651","MATCHES","1:UPRIGHT","1=[6-5-1 in a row = 651] Blocks above a plain white sheet with the 'So now you wish you never met me' poem in dark ink.","TYPED WORDS INCLUDE A SHEET NOT PICTURED","The part after '---' ('Empathy is really Sympathy for the Enlightened') is on no photo. The first part matches the sheet.","OK","First line of the sheet.","Summary says 'blue marker on lined white paper'; the photo shows dark ink on plain unlined white paper. Minor.","SURE"
"G03_POEM_IN_34_ALBUMS_PAGE_12_OF_13_V10F_W0220__cards_11-20__READER_A.json","656","656","MATCHES","1:UPRIGHT","1=[6-5-6 in a row = 656] Blocks above a lined notebook sheet with the 'There's no place for me' poem in pencil.","MATCH","Matches the sheet (one word in line 3 is scribbled out, typed as [?]).","OK","First line of the sheet.","","SURE"
"G03_POEM_IN_34_ALBUMS_PAGE_12_OF_13_V10F_W0220__cards_21-30__READER_A.json","659","659","MATCHES","1:UPRIGHT","1=[659] Lined sheet, poem 'The minority of the oppulent' (place holders, Masters of the Universe, Wizards of Davos, limousines), blocks 6-5-9 above.","WORDS FROM ANOTHER SHEET","Typed words ('The Next wave, you watch it come break...' and 'The last words I heard from you... Given time all things must past... The path of life can be a rocky road') are nowhere on this sheet. The sheet reads 'The minority of the oppulent / PLACE HOLDERS to hold signs that state: Hegemony before Survival / A world without war or there won't be a world / ... Oh Masters of the Universe / To the Wizards of Davos I pray / Won't you kindly get back in to your limosines ...'.","OK","Title written at top of sheet.","Summary says number cards are on the left side; they are above the sheet. Transcription needs redoing from this photo.","SURE"
"G03_POEM_IN_34_ALBUMS_PAGE_12_OF_13_V10F_W0220__cards_21-30__READER_A.json","666","666","MATCHES","1:UPRIGHT","1=[666] Lined loose-leaf sheet, 'The laws we have obeyed' list poem, 15 lines, blocks 6-6-6 above.","TYPED WORDS INCLUDE A SHEET NOT PICTURED","Everything before the '---' matches the photo. The part after it, 'BACKWARDS IS the NEW Forward!', is not on this sheet or any photo here.","OK","First line / title of the sheet.","","SURE"
"G03_POEM_IN_34_ALBUMS_PAGE_12_OF_13_V10F_W0220__cards_21-30__READER_A.json","668","668","MATCHES","1:UPRIGHT","1=[668] Torn-edge lined notebook sheet, 'Who knew that the ride stopped here?' (frozen lakes, polar bears, three-month town), blocks 6-6-8 above.","TYPED WORDS INCLUDE A SHEET NOT PICTURED","Everything before the '---' matches the photo. The part after it, 'I praise your name / Everyday... / But you're not Jesus / No way / Holy spirit / Divine and True', is not on this sheet or any photo here.","OK","First line of the sheet.","Summary says number cards are to the left; they are above the sheet.","SURE"
"G03_POEM_IN_34_ALBUMS_PAGE_12_OF_13_V10F_W0220__cards_21-30__READER_A.json","685","685","MATCHES","1:UPRIGHT","1=[685] Lined loose-leaf sheet in cursive, 'Drifting...' poem, blocks 6-8-5 above.","MATCH","Typed words match the sheet line for line.","OK","Title written at top.","","SURE"
"G03_POEM_IN_34_ALBUMS_PAGE_12_OF_13_V10F_W0220__cards_21-30__READER_A.json","688","688","MATCHES","1:UPRIGHT","1=[688] Lined sheet in large print, 'I follow your Lead' (Queen Bee, hive, ALL ANTENIE ARE AIMED AT ME), blocks 6-8-8 above.","TYPED WORDS INCLUDE A SHEET NOT PICTURED","Everything before the '---' matches the photo. The part after it, 'I'm getting angry / Unhappy / If I start crying / Please slap me ... Yet the only face I trust / Is on the moon', is not on this sheet or any photo here.","OK","Opening lines of the sheet.","","SURE"
"G03_POEM_IN_34_ALBUMS_PAGE_12_OF_13_V10F_W0220__cards_21-30__READER_A.json","713","713","MATCHES","1:UPRIGHT","1=[713] Unlined white sheet, 'I JUST want to make my mark' 8 lines, blocks 7-1-3 above. This is the turned copy and it reads upright.","MATCH","Typed words match the sheet (one small misread: sheet says 'gets dark', typed 'gets dank').","OK","First line of the sheet.","","SURE"
"G03_POEM_IN_34_ALBUMS_PAGE_12_OF_13_V10F_W0220__cards_21-30__READER_A.json","720","720","MATCHES","1:UPRIGHT","1=[720] Torn-edge lined notebook sheet, 'I told myself, I've got to give in' with the 'I am still...' lines, blocks 7-2-0 above. This is the turned copy and it reads upright.","MATCH","Typed words match the sheet line for line.","OK","First line of the sheet.","Summary says blue pen; the writing looks dark grey/black in the photo, not clearly blue. Minor.","SURE"
"G03_POEM_IN_34_ALBUMS_PAGE_12_OF_13_V10F_W0220__cards_21-30__READER_A.json","733","733","MATCHES","1:UPRIGHT","1=[733] Lined sheet torn on the left edge, 'Corona's at the beach with no women at my side' poem, blocks 7-3-3 above.","MATCH","Typed words match the sheet line for line.","OK","First line of the sheet.","","SURE"
"G03_POEM_IN_34_ALBUMS_PAGE_12_OF_13_V10F_W0220__cards_21-30__READER_A.json","775","775","MATCHES","1:UPRIGHT","1=[775 (plus the edge of one stray block showing a 0 cut off at the top right corner, from a neighbouring set)] Lined loose-leaf sheet with folded corner, title 'A DAY AT A TIME' in pencil, poem in purple ink, blocks 7-7-5 above.","MATCH","Typed words match the sheet line for line.","OK","Title written at top.","A cut-off stray block with a 0 shows at the very top right corner; it is not part of this number and does not change the read of 7-7-5.","SURE"
"G03_POEM_IN_34_ALBUMS_PAGE_12_OF_13_V10F_W0220__cards_21-30__READER_A.json","786","786","MATCHES","1:UPRIGHT","1=[786] Lined sheet, 4 short lines 'Hey Brother can you spare a dime?' with crossed-out repeat line, blocks 7-8-6 above.","MATCH","Typed words match the sheet; the struck-out repeat of the first line is left out, which is fine.","OK","First line of the sheet.","","SURE"
"G03_POEM_IN_34_ALBUMS_PAGE_13_OF_13_V10F_W0220__cards_01-10__READER_A.json","788","788","MATCHES","1:UPRIGHT","1=[7-8-8 = 788] Torn-spiral lined sheet, 8 handwritten lines 'I could live for you...' with 3 number blocks above","MATCH","All 8 lines match the sheet.","OK","First line of the sheet.","Summary says pencil; writing looks like pen. Minor.","SURE"
"G03_POEM_IN_34_ALBUMS_PAGE_13_OF_13_V10F_W0220__cards_01-10__READER_A.json","802","802","MATCHES","1:UPRIGHT","1=[8-0-2 = 802] Lined sheet of working notes: 'he will stand beside you... (long pause)', 'Day had turned to night', 'Remember there is someone watching from above'","MATCH","Scattered notes all typed in rough order. Small misreads only (the crossed-out words by the circled 'Side you' look like 'he will with', typed as 'start with').","OK","Main first line on the sheet.","Summary says pencil; writing looks like pen. Minor.","SURE"
"G03_POEM_IN_34_ALBUMS_PAGE_13_OF_13_V10F_W0220__cards_01-10__READER_A.json","809","809","MATCHES","1:UPRIGHT","1=[8-0-9 = 809] Colonial Management Associates letterhead notepad sheet, big marker writing 'They say these are the best years of my life...'","MATCH","Both lines match.","OK","First line of the sheet.","Summary is wrong: says 'lined white notebook paper, pencil'. Photo shows an unlined Colonial Management Associates (Boston) letterhead sheet written in thick black marker.","SURE"
"G03_POEM_IN_34_ALBUMS_PAGE_13_OF_13_V10F_W0220__cards_01-10__READER_A.json","828","828","MATCHES","1:UPRIGHT","1=[8-2-8 = 828] Small unlined white slip, 'After looking so long for what men seek... The truth I speak'","MATCH","All lines match.","OK","First line of the sheet.","Faint writing from the back of the slip shows through the paper; the back side is not pictured or typed. Minor.","SURE"
"G03_POEM_IN_34_ALBUMS_PAGE_13_OF_13_V10F_W0220__cards_01-10__READER_A.json","834","834","MATCHES","1:UPRIGHT","1=[8-3-4 = 834] Torn half of a lined sheet, 8 lines 'I've looked up and down...'","MATCH","All 8 lines match.","OK","First line of the sheet.","","SURE"
"G03_POEM_IN_34_ALBUMS_PAGE_13_OF_13_V10F_W0220__cards_01-10__READER_A.json","841","841","MATCHES","1:UPRIGHT","1=[8-4-1 = 841] Folded lined sheet titled 'LOSING SIGHT', 5 cursive lines","MATCH","Title and all lines match.","OK","Written title of the sheet.","","SURE"
"G03_POEM_IN_34_ALBUMS_PAGE_13_OF_13_V10F_W0220__cards_01-10__READER_A.json","843","843","MATCHES","1:UPRIGHT","1=[8-4-3 = 843] Torn-spiral lined sheet, 4 lines with cross-outs 'The old me would lose to the new me...'","MATCH","Lines match, cross-outs handled with [?].","OK","First line of the sheet.","","SURE"
"G03_POEM_IN_34_ALBUMS_PAGE_13_OF_13_V10F_W0220__cards_01-10__READER_A.json","860","860","MATCHES","1:UPRIGHT","1=[8-6-0 = 860] Three-hole-punched lined sheet, 2 lines at top 'Once you have everything in life...' and 'finger monkeys' at bottom","MATCH","All three lines match.","OK","First line of the sheet.","","SURE"
"G03_POEM_IN_34_ALBUMS_PAGE_13_OF_13_V10F_W0220__cards_01-10__READER_A.json","874","874","MATCHES","1:UPRIGHT","1=[8-7-4 = 874] Torn-spiral lined sheet, 3 lines 'Rinse, lather and repeat...'","MATCH","Lines match; one-letter misread: sheet says 'lather', typed 'lathe'.","OK","First line of the sheet, but the card title carries the same typo: sheet reads 'Rinse, lather and repeat', card says 'Rinse, lathe and repeat'.","Title typo 'lathe' for 'lather' is visible to buyers in the big name.","SURE"
"G03_POEM_IN_34_ALBUMS_PAGE_13_OF_13_V10F_W0220__cards_01-10__READER_A.json","875","875","MATCHES","1:UPRIGHT","1=[8-7-5 = 875] Torn-spiral lined sheet, 'morality / society' note top right, 6 lines 'I'm not living day to day...'","MATCH","All lines match; 'anyone' is the replacement written under a crossed-out word, typed at the end.","OK","First line of the poem (the 'morality society' corner note is typed first, which is fine).","","SURE"
"G03_POEM_IN_34_ALBUMS_PAGE_13_OF_13_V10F_W0220__cards_11-20__READER_A.json","883","883","MATCHES","1:UPRIGHT","1=[8-8-3] Lined 3-hole sheet, four lines 'When you're lost in the cold...' plus 'Monday 11:00 AM' lower down","MATCH","All four lines and 'Monday 11:00 AM' typed as written.","OK","First line of the sheet.","","SURE"
"G03_POEM_IN_34_ALBUMS_PAGE_13_OF_13_V10F_W0220__cards_11-20__READER_A.json","916","916","MATCHES","1:UPRIGHT","1=[9-1-6] Torn-edge Mead lined sheet, three faint lines 'I told myself I've got to give in...'","MATCH","Three lines typed as written (first two lines are faint pencil).","OK","First line of the sheet.","","SURE"
"G03_POEM_IN_34_ALBUMS_PAGE_13_OF_13_V10F_W0220__cards_11-20__READER_A.json","919","919","MATCHES","1:UPRIGHT 2:UPRIGHT","1=[9-1-9] Plain white sheet, two faint lines 'All my inner turmoil is at peace / I slayed the dragon...' || 2=[9-1-9] Close-up of the same two lines and the blocks","MATCH","Both lines typed (run together on one line, same words).","OK","First line of the sheet.","","SURE"
"G03_POEM_IN_34_ALBUMS_PAGE_13_OF_13_V10F_W0220__cards_11-20__READER_A.json","922","922","MATCHES","1:UPRIGHT","1=[9-2-2] Plain unlined white sheet, three lines 'She keeps watching out for someone...'","MATCH","Three lines typed as written.","OK","First line of the sheet.","Summary says lined loose-leaf, 3-hole punched notebook paper; the photo shows a plain unlined white sheet with no holes.","SURE"
"G03_POEM_IN_34_ALBUMS_PAGE_13_OF_13_V10F_W0220__cards_11-20__READER_A.json","940","940","MATCHES","1:UPRIGHT 2:UPRIGHT","1=[9-4-0] Stacked lined sheets: top strip '(to go in) I am the rules', sheet below 'We do business as business is being done' || 2=[9-4-0] Lined sheet 'My Inspiration is fleeting... Iraq, Iran and Pakistan'","SMALL DIFFERENCES","'(to go in) I am the rules' and 'We do business as business is being done' are typed twice (once together, then again as separate blocks); each is written only once. Line 'I say know how' has crossed-out words on the sheet ('I [crossed out] know how').","OK","Written at top of the first sheet under '(to go in)'.","Summary says 'a single sheet'; the photos show more than one sheet (a strip plus at least two lined sheets).","FAIRLY SURE"
"G03_POEM_IN_34_ALBUMS_PAGE_13_OF_13_V10F_W0220__cards_11-20__READER_A.json","950","950","MATCHES","1:UPRIGHT","1=[9-5-0] White sheet with light pencil arc drawing, four lines of writing at the bottom 'So smoothly did they...'","SMALL DIFFERENCES","Sheet reads 'if the peg hole don't fit then place in it'; typed says 'if the peg hole fits them place in it' ('don't' added above the line is missed). The circled 1 sits before 'As they say', not before 'the proper dowel'.","OK","First written line (marked 2).","","SURE"
"G03_POEM_IN_34_ALBUMS_PAGE_13_OF_13_V10F_W0220__cards_11-20__READER_A.json","954","954","MATCHES","1:UPRIGHT","1=[9-5-4] Torn-edge lined sheet 'I found the rhyme...' with a big X through the middle lines, last line in red ink","MATCH","All nine lines typed; the X cross-out and red last line are not mentioned but the words match.","OK","First line of the sheet.","","SURE"
"G03_POEM_IN_34_ALBUMS_PAGE_13_OF_13_V10F_W0220__cards_11-20__READER_A.json","999","999","MATCHES","1:UPRIGHT","1=[9-9-9] Plain white sheet, four lines 'I'm gonna go to Hawaii, yeah...'","MATCH","Four lines typed as written.","OK","First line of the sheet.","","SURE"
"G03_POEM_IN_34_ALBUMS_PAGE_13_OF_13_V10F_W0220__cards_11-20__READER_A.json","1037","1037","MATCHES","1:UPRIGHT 2:UPRIGHT","1=[1-0-3-7] Lined sheet with folded bottom corners, two lines 'The fences are getting taller...' || 2=[1-0-3-7] Second torn-edge lined sheet 'I scared myself today...' with small margin numbers 6,7,6,9,9","MATCH","Both sheets typed, split by '---'. Crossed-out word before 'with a maze' shown as [?]. Margin syllable counts not typed.","OK","First line of the first sheet.","","SURE"
"G03_POEM_IN_34_ALBUMS_PAGE_13_OF_13_V10F_W0220__cards_11-20__READER_A.json","1053","1053","MATCHES","1:UPRIGHT","1=[1-0-5-3] Lined sheet with torn top-left corner, four lines 'Not everyone's presence is a gift...'","MATCH","Four lines typed as written, including 'learn to' added above line 2.","OK","First line of the sheet.","","SURE"
"G03_POEM_IN_34_ALBUMS_PAGE_13_OF_13_V10F_W0220__cards_21-23__READER_A.json","1627","1627 (photo 1, in a row); photo 3 shows only the edge of one '1' block","MATCHES","1:UPRIGHT 2:UPRIGHT 3:UPRIGHT","1=[1627] Stack of printed pages with a gold paperclip. Top page: printed song list plus KEY TO BE FREE Song 62; 'Closure aftermath' added by hand. || 2=[NONE] Inner printed pages: Diddy mocumentary parody verses and GROOVE BACK II Song 55. || 3=[edge of a '1' block only] Inner printed pages: SONG NUMBER 5 MY FAN FICTION (handwritten fix 'Fucking single depressing day') and SONG NUMBER 7 WALLFLOWER POOP.","SHEET WORDS NOT TYPED","Typed words cover only the top page (song list + Key To Be Free). Photos 2 and 3 show more pages that are not typed: Diddy mocumentary parody, GROOVE BACK II Song 55, MY FAN FICTION Song 5, WALLFLOWER POOP Song 7. List misreads too: typed 'Why You Poutin' where the sheet has 'My Fan Fiction'; 'Wildflower Painp' should be 'Wallflower Poop'; 'Tears Song' and 'Me and That Cracker' look doubtful (print too small to confirm).","OK","Printed heading at the top of the song list (print is tiny; reads like 'ALBUM THIRTY ... 32').","Mostly printed (typed) pages, not handwriting - only 'Closure aftermath' and one line correction are in hand. A buyer should be told it is a printed album draft with hand notes.","FAIRLY SURE"
"G03_POEM_IN_34_ALBUMS_PAGE_13_OF_13_V10F_W0220__cards_21-23__READER_A.json","1629","1629 (photos 1, 2, 3); 1630 (photos 16, 17); partial blocks only in photos 5 ('2'), 9 ('9'), 15 (cut off)","DIFFERENT NUMBER","1:SIDEWAYS 2:UPRIGHT 3:UPRIGHT 4:SIDEWAYS 5:SIDEWAYS 6:SIDEWAYS 7:UPRIGHT 8:UPRIGHT 9:SIDEWAYS 10:UPRIGHT 11:UPRIGHT 12:UPRIGHT 13:UPRIGHT 14:UPRIGHT 15:UPRIGHT 16:SIDEWAYS 17:UPRIGHT","1=[1629 (stacked down the right side because the photo is turned)] The DOORS-style strip 'I know your secret...' plus WHY I LIKE SEX and THE PRIEST BY THE SEA strips, with blocks 1-6-2-9. Website shows it sideways; no turned copy given. || 2=[1629] Wide view: DOORS strip column (with 287, WHORE MRS ROBINSON, 220, 241, MISSING A TOOTH) and a second column (WHY I LIKE SEX, PRIEST BY THE SEA, 199, 204, SHE SAID YOU CAN, SONAR). || 3=[1629 (small, at top)] Long taped column of printed lyric strips under the 1629 blocks, ending with BUM BUM SONG and (318). || 4=[NONE] Turned copy is still sideways. GRINDR DIARIES, WELL LET S START, RISK GENES, 205, (292), (357), (193) strips. || 5=[partial '2' block at corner] Turned copy is still sideways. WELL LET S START, 205 'combine with 5', CHICK FILLET, SLINGING LINES, (240), I STUFFED MY STIFF strips. || 6=[NONE] Turned copy is still sideways. I VE BEEN SLAPPIN (23) and SONG NUMBER 10 READING I BLOW strips. || 7=[NONE] Two columns of strips: (240), I STUFFED MY STIFF, SHE S GOT THE, (236)/(237), (228), READING I BLOW; and (220), (241), MISSING A TOOTH, MYSTERY LYRICS, 361, BUM BUM SONG, (318). || 8=[NONE] SONAR (519), (290), 231, I FOUND ALEX JONES, (244), MELANIE MCCARTHY strips. || 9=[partial '9' block at corner] Turned copy is still sideways. BI ALBUM WHO S YOUR FAVORITE BAND, SONG 68 SECRETLY STRAIGHT, IN THIS ORGY IN, FOUR PILLS A DAY, SONG NUMBER 4 THINKING GETS RISKY. || 10=[NONE] Close-up: I STUFFED MY STIFF, SHE S GOT THE, (236) with handwritten notes. || 11=[NONE] Close-up of the DOORS strip lower verses, handwritten 'I love her jugs the way they jiggle!', and (287). || 12=[NONE] Close-up: end of RISK GENES verses and 205 'Who am I?' with red 'combine with 5'. || 13=[NONE] Close-up: (292) end, (357) with red '15 Add more', (193, six of eight). || 14=[NONE] Close-up: (199) end, (204) 'add 199', SHE SAID YOU CAN '12 Add more!', start of SONAR. || 15=[blocks cut off at top edge, unreadable] The backs of the taped strip column (blank, show-through only). || 16=[1630] Turned copy is still sideways. A different layout under blocks 1-6-3-0: PAY PEANUTS, DANCE CLUB WHORE, WHORE BATH, TEARS LIKE NIAGRA, SONG 61 IT WILL GROW BACK, WHEN I COME IN. || 17=[1630] Blocks 1-6-3-0 over (246), 134, DIRTY WHORE STORE, TOO YOUNG TO FUCK, PAY PEANUTS, DANCE CLUB WHORE, WHORE BATH strips.","SHEET WORDS NOT TYPED","Typed words are only the DOORS verse, WHY I LIKE SEX, THE PRIEST BY THE SEA and '14 molested song?' (these match photos 1-2). Not typed: the rest of the DOORS strip ('I love the way she giggles...', handwritten 'I love her jugs the way they jiggle!', photos 2/11) and dozens of other strips in photos 2-14 (287, WHORE MRS ROBINSON, MISSING A TOOTH, BUM BUM SONG, GRINDR DIARIES, RISK GENES, SONAR, ALEX JONES, MELANIE MCCARTHY, BI ALBUM, etc.). '[?] Catholic priest' on the sheet reads 'Of being a Catholic priest.'","OK","'I know your secret...' is the first lyric line of the DOORS-style strip.","Photos 16 and 17 show blocks 1630 - they belong to item 1630 and should come off this card. Summary is a placeholder ('What it is - Tom writes this'). Turned copies for photos 4, 5, 6, 9 and 16 are still sideways (need a quarter turn); photo 1 shows sideways on the website and has no turned copy. Photo 15 only shows the blank backs of the strips.","FAIRLY SURE"
"G03_POEM_IN_34_ALBUMS_PAGE_13_OF_13_V10F_W0220__cards_21-23__READER_A.json","1968","1968 (photo 1 in a row; photo 2 stacked down the right side because the photo is turned)","MATCHES","1:UPRIGHT 2:SIDEWAYS","1=[1968] Handwritten sheet: crossed-out 'FLV to AVI', 'Listen to youtube.com', 'it's not a name / it's not a face', 'Primal urge', 'Little black books history'. || 2=[1968] Turned copy is still sideways (needs a quarter turn counter-clockwise). Other side/sheet: 'Songs 13', 'Right between the eyes', 'Nature of Man', 'dead silence / come for a ride / what we share / one slip of the knife / my muse and fresco', '343 pages add 6 add 7', numbers 2588, 3375, 1.35, 1.25.","SHEET WORDS NOT TYPED","Typed words match photo 1 (small misreads: sheet has 'that you're a man with needs'; 'that's your a guy / a guy who has needs' is crossed out). Photo 2's writing is not typed at all: 'dead silence, come for a ride, what we share, one slip of the knife, my muse and fresco', 'Right between the eyes', 'Nature of Man', 'Songs 13', '343 pages add 6 add 7'.","OK","'FLV to AVI' is the first line, but it is crossed out and is a video-file note, not a lyric. Better name from the sheet: 'It's not a name, it's not a face' (or 'Listen to youtube.com').","Photo 2 turned copy is still sideways.","FAIRLY SURE"
"G04_POEM_IN_POEMS_BY_TOM_PAGE_01_OF_02_V10F_W0220__cards_01-10__READER_A.json","72","072","MATCHES","1:UPRIGHT 2:UPRIGHT","1=[0-7-2] Sheet 1 of the poem: alphabet header, 'She finds a bottle of pills...', girl/parents margin labels || 2=[0-7-2] Sheet 2: 'When I needed you the most I was too afraid to call...' to 'If only you had known it didn't have to end.'","SMALL DIFFERENCES","Both sheets typed. Sheet 1 line 'What you did in the past is nothing compared to this,' is missing from the typed words (goes straight from 'my loss would be your gain' to 'That would pass...'). 'hug and hiss' should be 'hug and kiss'.","OK","First line of the sheet.","","SURE"
"G04_POEM_IN_POEMS_BY_TOM_PAGE_01_OF_02_V10F_W0220__cards_01-10__READER_A.json","74","074","MATCHES","1:UPRIGHT","1=[0-7-4] Loose-leaf sheet titled 'Ode to Jason (a fallen hero)', full poem","MATCH","Typed words follow the sheet line for line.","OK","Title on sheet is 'Ode to Jason (a fallen hero)'.","Summary says 'numbered 8 in cards' - the cards in the photo read 074, not 8.","SURE"
"G04_POEM_IN_POEMS_BY_TOM_PAGE_01_OF_02_V10F_W0220__cards_01-10__READER_A.json","91","091","MATCHES","1:UPRIGHT","1=[0-9-1] Lined sheet with bubble-letter title WALKING ALONE and the full Walking Alone poem","TYPED WORDS INCLUDE A SHEET NOT PICTURED","Walking Alone part matches. Everything after the first '---' is on no photo here: 'Reincarnation', 'If I was a carpenter and you were a lady...', 'I make my own gods...', 'I'm in love w/ myself...'.","OK","Title written on the sheet.","Only one sheet pictured; typed words cover at least three more pieces of writing.","SURE"
"G04_POEM_IN_POEMS_BY_TOM_PAGE_01_OF_02_V10F_W0220__cards_01-10__READER_A.json","161","161","MATCHES","1:UPRIGHT 2:UPRIGHT","1=[1-6-1] Handwritten poem 'I started drinking to drown my sorrows' on plain sheet || 2=[1-6-1] Other side: printed Houghton Mifflin marketing simulation page (YOUR COMPANY, Table 1), no handwriting","MATCH","Poem typed correctly. But typed words end with a leftover reader note: '[read/page 2 - shot 500] TITLE : [NONE] PAPER : loose sheet LINES : 0 TEXT : [BLANK]' - that is not part of the poem.","OK","First line of the sheet.","Reader-note junk text inside typed_words would show to a buyer; should be removed.","SURE"
"G04_POEM_IN_POEMS_BY_TOM_PAGE_01_OF_02_V10F_W0220__cards_01-10__READER_A.json","167","167","MATCHES","1:UPRIGHT 2:UPRIGHT","1=[1-6-7] Lined sheet 1: 'It's time to wake up' through 'But sour grapes do not make a fine wine' || 2=[1-6-7] Lined sheet 2: 'Our grandfathers are all CEO's' through 'When daddy comes home we're all asleep'","MATCH","Both sheets typed and match. Typed words contain a leftover reader note '[read/page 2 - shot 512] TITLE : [NONE] PAPER : notebook LINES : 21 TEXT :' and '{struck: ...}' markup.","OK","First line of the sheet.","Reader-note junk text inside typed_words would show to a buyer.","SURE"
"G04_POEM_IN_POEMS_BY_TOM_PAGE_01_OF_02_V10F_W0220__cards_01-10__READER_A.json","171","171","MATCHES","1:UPRIGHT","1=[1-7-1] Badly creased/torn lined sheet: 'Are you happy when its gone?' short poem","SMALL DIFFERENCES","Line 'Shaking the stuff' (after 'The paddling's rough') is not typed. Next line on sheet is 'A [blind] man's Bluff', partly lost in a tear - typed as '{struck: A key in} man's bluff', but it is not struck out, just torn.","OK","First line of the sheet.","","SURE"
"G04_POEM_IN_POEMS_BY_TOM_PAGE_01_OF_02_V10F_W0220__cards_01-10__READER_A.json","175","174","DIFFERENT NUMBER","1:UPRIGHT","1=[1-7-4] Printed (typed) sheet 'THE LIGHT', full poem; faint handwriting shows through from the back","MATCH","Typed words match the printed sheet (cut for the check; ends 'The light I have found is you' on the sheet).","OK","Printed title THE LIGHT.","Photo 1 blocks read 1-7-4 = item 174, not 175. Sheet is printed, not handwritten (summary already flags it). Mirror-image handwriting bleeds through from the back of the sheet - the back is not pictured.","SURE"
"G04_POEM_IN_POEMS_BY_TOM_PAGE_01_OF_02_V10F_W0220__cards_01-10__READER_A.json","347","347","MATCHES","1:UPRIGHT","1=[3-4-7] Yellowed sheet with torn right edge: 'Did anyone get the number of that train' full poem","MATCH","Lines match. Small: 'flat' and 'back' are inserted words on the sheet, not struck out as the typed words say; 'no more' insertion before 'public transportation' not typed.","OK","First line of the sheet.","Summary says lined notebook paper with slight discoloration at top right; photo shows a yellowed, unlined-looking sheet with a torn right edge.","SURE"
"G04_POEM_IN_POEMS_BY_TOM_PAGE_01_OF_02_V10F_W0220__cards_01-10__READER_A.json","357","357","MATCHES","1:UPRIGHT","1=[3-5-7] Lined sheet, blue ink: 'THE hard stuff's in the freezer' full poem","MATCH","Typed words follow the sheet line for line.","OK","First line / hook of the sheet.","","SURE"
"G04_POEM_IN_POEMS_BY_TOM_PAGE_01_OF_02_V10F_W0220__cards_01-10__READER_A.json","359","359","MATCHES","1:UPRIGHT","1=[3-5-9] Lined sheet with bubble-letter title 'The Coney Story' and full poem","MATCH","Typed words match. Small: 'If they got outta line' is 'If the kid got outta line' on the sheet; crossed-out line 'Inmates running the asylum making' typed as if live.","OK","Title is from this sheet, but the bubble letters read 'The Coney Story' (C-o-n-e-y), not 'Condy' - check the spelling.","Card name likely misspelled: 'Condy' vs 'Coney' on the sheet.","FAIRLY SURE"
"G04_POEM_IN_POEMS_BY_TOM_PAGE_01_OF_02_V10F_W0220__cards_11-20__READER_A.json","392","392","MATCHES","1:UPRIGHT","1=[3-9-2 = 392] Single sheet, 'I don't have a drinking problem' poem, full text visible","SMALL DIFFERENCES","Lines 5-6 wrong: sheet says 'I live with it in my blood / I put it in my veins / I pour it in a cup'; typed has 'I live with it in my veins / I put it in my cup / I pour it in a cup' (the 'blood' line is lost). Rest matches.","OK","First line / hook of the sheet.","None seen.","SURE"
"G04_POEM_IN_POEMS_BY_TOM_PAGE_01_OF_02_V10F_W0220__cards_11-20__READER_A.json","394","394","MATCHES","1:UPRIGHT","1=[3-9-4 = 394] Torn-edge lined notebook sheet, 'I only free my mind when it's closing time' poem","MATCH","Matches. Only nit: crossed-out lines 'pass as a saint' and 'When I have to go to court' are typed as live text, run together with the margin note 'If the world was a court'.","OK","First line of the sheet.","None seen.","SURE"
"G04_POEM_IN_POEMS_BY_TOM_PAGE_01_OF_02_V10F_W0220__cards_11-20__READER_A.json","407","407","MATCHES","1:UPRIGHT","1=[4-0-7 = 407] Lined sheet with three quatrains, 'Burning the candle at both ends'","TYPED WORDS INCLUDE A SHEET NOT PICTURED","First three stanzas match the photo. Everything after the '---' ('Everything that was once important...', 'I once heard a wise man say...', 'This good life I lead...', 'The high path road...') is on no photo of this card.","OK","First line of the pictured sheet.","Second typed poem has no photo - either a photo is missing or the words belong to another number.","SURE"
"G04_POEM_IN_POEMS_BY_TOM_PAGE_01_OF_02_V10F_W0220__cards_11-20__READER_A.json","410","410","MATCHES","1:UPRIGHT 2:UPRIGHT","1=[4-1-0 = 410] Yellow folder/paper, 8 lines 'Whatever you do / You better make sure it counts...' || 2=[4-1-0 = 410] Yellow folder/paper, boxed title 'Not suitable for children' with poem 'A life based on the movies...'","MATCH","Both sections match the two photos.","NOT FROM THIS SHEET","'RHYME OR REASON' is written nowhere on either photo. Should be 'Not suitable for children' (boxed title on photo 2) or 'Whatever you do' (first line of photo 1).","None besides the name.","SURE"
"G04_POEM_IN_POEMS_BY_TOM_PAGE_01_OF_02_V10F_W0220__cards_11-20__READER_A.json","411","411","MATCHES","1:UPRIGHT 2:UPRIGHT 3:UPRIGHT 4:UPRIGHT","1=[4-1-1 = 411] Overview: all three torn sheets together (Trivial Pursuit top sheet, 'witty pity' sheet, 'kid my age' sheet) || 2=[4-1-1 = 411] Turned copy: 'Trivial Pursuit' titled sheet, two bracketed verses. Reads the right way up. || 3=[4-1-1 = 411] 'Shitty/witty pity' sheet: old vet, young girl, drunk, homeless man verses || 4=[4-1-1 = 411] Turned copy: 'A kid my age stopped and asked me' sheet. Reads the right way up.","SMALL DIFFERENCES","Same poem, but several misread lines: 'I heard a man any the gin mill he closed' (sheet: say the gin mill's closed), 'couldn't play game' (video games), 'young thing' (young thug), 'sitting like a ghost' (feeling like a ghost), 'no money in the hitty sense' (city since they closed the VFW). Bracket labels [Leftmost small piece]/[Middle top piece]/[Bottom piece] do not match the layout. Typed text is cut for the check, so the drunk/homeless verse on photo 3 could not be confirmed.","OK","'Trivial Pursuit' is the title written on the top sheet.","Typed words carry editor notes like '[? illegible]' and piece labels a buyer will see.","FAIRLY SURE"
"G04_POEM_IN_POEMS_BY_TOM_PAGE_01_OF_02_V10F_W0220__cards_11-20__READER_A.json","439","439","MATCHES","1:UPRIGHT","1=[4-3-9 = 439] Two small spiral-pad sheets in red ink, 'There's no such thing as wasted time' and 'your back ground... equality waits'","MATCH","Both small sheets are typed and match.","OK","First line of the sheet.","Summary says 'three small square paper slips and one piece of lined notebook paper' - the three squares are the number blocks; the poem is on two small spiral-pad sheets.","SURE"
"G04_POEM_IN_POEMS_BY_TOM_PAGE_01_OF_02_V10F_W0220__cards_11-20__READER_A.json","443","443","MATCHES","1:UPRIGHT","1=[4-4-3 = 443] Spiral-torn lined sheet in blue ink, titled 'Walking and Talking'","TYPED WORDS INCLUDE A SHEET NOT PICTURED","'Walking and Talking' part matches the photo (with an extra garbled first line 'You know that I write through'). The whole 'FRAMINGHAM BLUES' section after the '---' is on no photo of this card.","OK","Title written at top of the sheet.","Framingham Blues words have no photo here - photo missing or words belong to another number.","SURE"
"G04_POEM_IN_POEMS_BY_TOM_PAGE_01_OF_02_V10F_W0220__cards_11-20__READER_A.json","516","516","MATCHES","1:UPRIGHT 2:UPRIGHT","1=[5-1-6 = 516] Lined sheet with a single line 'Face yourself before you face the sea', rest blank || 2=[5-1-6 = 516] Lined sheet: alphabet line, then song 'He loved her like I loved you' with chorus marks","SMALL DIFFERENCES","Line 'If you'll be my lover then I'll be fine' (photo 2) is missing from the typed words; 'it must be night' should be 'it must be right'. Rest matches both photos.","OK","It is the one line on photo 1. The main poem (photo 2) is untitled; its first line is 'He loved her like I loved you'.","None seen.","SURE"
"G04_POEM_IN_POEMS_BY_TOM_PAGE_01_OF_02_V10F_W0220__cards_11-20__READER_A.json","532","532","MATCHES","1:UPRIGHT 2:UPRIGHT","1=[5-3-2 = 532] Legal-pad sheet: 'I trust bust... / A vote against me... / Hey... I got tired of waiting for a leader' || 2=[5-3-2 = 532] White sheet: 'If I was weather I'd be rain...' list poem","MATCH","Both sheets typed and match.","OK","First line of photo 1 sheet.","Summary says blue ink on one white lined sheet; photo 1 is dark ink on a legal pad, photo 2 is a separate sheet. Minor.","SURE"
"G04_POEM_IN_POEMS_BY_TOM_PAGE_01_OF_02_V10F_W0220__cards_11-20__READER_A.json","542","542","MATCHES","1:UPRIGHT","1=[5-4-2 = 542] Lined sheet marked 'C2', 'Looks like tonight I won't be sleeping'","MATCH","Matches.","OK","First line of the sheet.","None seen.","SURE"
"G04_POEM_IN_POEMS_BY_TOM_PAGE_01_OF_02_V10F_W0220__cards_21-30__READER_A.json","550","550","MATCHES","1:UPRIGHT 2:UPRIGHT","1=[5-5-0 (550)] Sheet 1: 'If I could turn back this clock' ... 'Why was I born' || 2=[5-5-0 (550)] Sheet 2: 'could capture this emotion' ... 'book of poetry!', scribbled-out lines below; another page lies over the left edge","MATCH","Both sheets typed, in order. Only small misreads (e.g. 'It's in my' vs 'and now it's in my').","OK","First line of sheet 1.","","SURE"
"G04_POEM_IN_POEMS_BY_TOM_PAGE_01_OF_02_V10F_W0220__cards_21-30__READER_A.json","556","556","MATCHES","1:UPRIGHT 2:UPRIGHT","1=[5-5-6 (556)] Page (2): 'We know the search is never easy' ... 'Even though we're the only ones getting hurt' || 2=[5-5-6 (556)] Page (4): 'We've both seen the worst that can happen' ... 'You'll find your way to the bridge'","MATCH","Pages (2) and (4) both typed and both pictured.","OK","First line of page (2).","Page (4) words typed here are also typed on card 655, whose photo shows a different sheet (see 655).","SURE"
"G04_POEM_IN_POEMS_BY_TOM_PAGE_01_OF_02_V10F_W0220__cards_21-30__READER_A.json","557","557","MATCHES","1:UPRIGHT","1=[5-5-7 (557)] 'A cheer full of beer' ... 'Or should I stop myself from asking?'","MATCH","","OK","First line.","Summary says blue ink; the ink looks black/dark. Same typed words also appear on card 755 (wrongly, see 755).","SURE"
"G04_POEM_IN_POEMS_BY_TOM_PAGE_01_OF_02_V10F_W0220__cards_21-30__READER_A.json","572","572","MATCHES","1:UPRIGHT","1=[5-7-2 (572)] Title in bubble letters 'MY OWN LITTLE WORLD...', 'My thoughts are flashing like...', side note 'Tom's Theme Song'","MATCH","Typed title reads 'MY OWN WORLD' (drops 'LITTLE'); otherwise matches.","OK","Title on sheet.","","SURE"
"G04_POEM_IN_POEMS_BY_TOM_PAGE_01_OF_02_V10F_W0220__cards_21-30__READER_A.json","575","575","MATCHES","1:UPRIGHT","1=[5-7-5 (575)] 'When will this clouded curtain lift?' ... 'Now we're all blessed since I guessed it was up to me', with a right-margin note block","SMALL DIFFERENCES","The right-margin note block is chopped into the main lines and partly missing ('unable to unravel the fable', 'since all the tales of glory that have been told', 'same as'). Main lines match.","OK","First line.","","FAIRLY SURE"
"G04_POEM_IN_POEMS_BY_TOM_PAGE_01_OF_02_V10F_W0220__cards_21-30__READER_A.json","576","576","MATCHES","1:UPRIGHT","1=[5-7-6 (576)] Title 'Me & Frankie' (1) with side notes (Wading in the water)(Two of a kind)(Two pair), 'We've been best friends for years' ... 'That one special girl'","MATCH","","OK","Title on sheet.","Summary says the number cards are to the left; they are above the sheet. Minor.","SURE"
"G04_POEM_IN_POEMS_BY_TOM_PAGE_01_OF_02_V10F_W0220__cards_21-30__READER_A.json","655","655","MATCHES","1:UPRIGHT","1=[6-5-5 (655)] 'We both been to a place / That doesn't have a space' ... 'kinda like being sick'","WORDS FROM ANOTHER SHEET","Typed words are page (4) 'We've both seen the worst that can happen' - that sheet is pictured on card 556, photo 2. The words on this photo ('We both been to a place ... Perception shift ... kinda like being sick') are not typed at all.","OK","First line of the pictured sheet.","Typed words belong to item 556's page (4); the card needs this sheet's own words typed.","SURE"
"G04_POEM_IN_POEMS_BY_TOM_PAGE_01_OF_02_V10F_W0220__cards_21-30__READER_A.json","680","680","MATCHES","1:UPRIGHT","1=[6-8-0 (680)] Pencil and blue pen: 'I've been searching for myself' ... 'Here's a check just tell me where to sign'","MATCH","Faint pencil lines have some [?] gaps; nothing real missing.","OK","First line.","Summary says the number cards are to the left; they are above the sheet. Minor.","SURE"
"G04_POEM_IN_POEMS_BY_TOM_PAGE_01_OF_02_V10F_W0220__cards_21-30__READER_A.json","748","748","MATCHES","1:UPRIGHT","1=[7-4-8 (748)] Page (5): 'Surely someone, sometwo is out there somewhere' ... 'That we have to swim it ourselves'","TYPED WORDS INCLUDE A SHEET NOT PICTURED","First part (page 5) matches. The part after '---' ('The summer's here that means blue skies and sunshine ... The summer's here') is not on this photo.","OK","First line.","","SURE"
"G04_POEM_IN_POEMS_BY_TOM_PAGE_01_OF_02_V10F_W0220__cards_21-30__READER_A.json","755","755","MATCHES","1:UPRIGHT","1=[7-5-5 (755)] Yellow legal pad, printed hand: 'Walking in Dublin / talking to Leprechauns' ... 'But only told me lies'","WORDS FROM ANOTHER SHEET","Typed words are 'A cheer full of beer' - item 557's sheet. The Dublin words on this photo are not typed.","OK","Title/first line of the pictured sheet.","Summary 'plain paper, cursive' is wrong: it is yellow lined legal paper in printed handwriting.","SURE"
"G04_POEM_IN_POEMS_BY_TOM_PAGE_02_OF_02_V10F_W0220__cards_01-10__READER_A.json","787","787","MATCHES","1:UPRIGHT","1=[7-8-7] Lined 3-hole sheet in pen, title 'Duty 410' with a small side note, verses with syllable counts, a crossed-out boxed section, last verse 'My star My sun My ocean'.","MATCH","Typed words follow the sheet. Small misreads only (typed 'Cast night' = 'Last night'; syllable numbers on the first lines shifted by one line). The crossed-out boxed lines are typed as normal lines without saying they are crossed out.","OK","'Duty 410' is the written title. The tail 'northrait a' is a garbled reading of the small side note; cleaner name would be just 'Duty 410'.","Name has garbled tail 'northrait a'.","SURE"
"G04_POEM_IN_POEMS_BY_TOM_PAGE_02_OF_02_V10F_W0220__cards_01-10__READER_A.json","1875","1875","MATCHES","1:UPRIGHT 2:UPRIGHT 3:UPRIGHT","1=[1-8-?-5 (blocks cut off at the top edge; third block mostly out of frame)] Printed page 'ODE TO COREY (A FALLEN HERO)' with 'Tom Jensen' signed in blue pen top right. || 2=[1-8-7-5] Printed essay page 1: 'Tom Jensen January 27, 1999 Creative Writing A Hard Rain's Gonna Fall'. || 3=[1-8-7-5] Printed essay page 2, ending 'Don't think twice, it's alright.'","MATCH","Poem typed from photo 1 and the essay from photos 2-3; both are pictured. Typed words cut for the check but what is shown matches.","OK","Printed title on the sheet.","Photo 1 cuts the number blocks off at the top. These are printed (typed) pages, not handwriting, apart from the signature; the second piece is a prose essay, not a poem.","SURE"
"G04_POEM_IN_POEMS_BY_TOM_PAGE_02_OF_02_V10F_W0220__cards_01-10__READER_A.json","24","023","DIFFERENT NUMBER","1:UPRIGHT","1=[0-2-3] Loose-leaf sheet titled 'OLD eyes' with a face drawn in the O and eyes drawn on 'eyes', poem in pen.","MATCH","Typed words match the sheet.","OK","Title on the sheet is 'OLD eyes'.","Photo 1 blocks read 0-2-3 = item 23, not 24. The third block is a clear 3. Either this photo belongs to item 23 or the card number is wrong.","FAIRLY SURE"
"G04_POEM_IN_POEMS_BY_TOM_PAGE_02_OF_02_V10F_W0220__cards_01-10__READER_A.json","140","140","MATCHES","1:UPRIGHT","1=[1-4-0] Lined sheet with bubble-letter title 'BETTER OFF DEAD' and the poem in pen.","MATCH","Typed words match the sheet.","OK","Title on the sheet.","Summary is wrong: it says a spiral 'LIST DOCUMENT, not a lyric' with lists of social/political problems and circled categories. The photo is a single poem on a lined sheet with a bubble-letter title.","SURE"
"G04_POEM_IN_POEMS_BY_TOM_PAGE_02_OF_02_V10F_W0220__cards_01-10__READER_A.json","284","284","MATCHES","1:UPRIGHT","1=[2-8-4] Loose-leaf sheet, 'Not everyone's presence is a gift', with arrows in the left margin and 'to unite' margin note.","MATCH","Typed words match the sheet, including the 'to unite' margin note.","OK","First line of the sheet.","Summary says pencil; the writing looks like dark pen. Minor.","SURE"
"G04_POEM_IN_POEMS_BY_TOM_PAGE_02_OF_02_V10F_W0220__cards_01-10__READER_A.json","400","400","MATCHES","1:UPRIGHT","1=[4-0-0] Torn strip of lined paper, 'They say that absence makes the heart grow fonder', two scribbled-out lines, margin letters on the left.","MATCH","First four lines and the margin letters match; the two scribbled-out lines are typed as [illegible].","OK","First line of the sheet.","","SURE"
"G04_POEM_IN_POEMS_BY_TOM_PAGE_02_OF_02_V10F_W0220__cards_01-10__READER_A.json","433","433","MATCHES","1:UPRIGHT","1=[4-3-3] Spiral-torn lined sheet titled 'What was that?', 'Here I sit by the side of the ocean', blue pen with last lines in pencil.","MATCH","Typed words match; small misreads only (typed 'did he know I'm swimming' where sheet reads 'does he know when I'm sinning').","NOT FROM THIS SHEET","'They told me' is not on the sheet. Should be the written title 'What Was That?' (or first line 'Here I sit by the side of the ocean').","","SURE"
"G04_POEM_IN_POEMS_BY_TOM_PAGE_02_OF_02_V10F_W0220__cards_01-10__READER_A.json","451","451","MATCHES","1:UPRIGHT","1=[4-5-1] Numbered-line ledger-style sheet, 'The poor living off the rich / Hey man fuck that shit', pen.","MATCH","Typed words match; small misreads only ('ruch' = rich, 'going to fall' = going to hell, 'Queen bed' = Queen bee).","NOT FROM THIS SHEET","'Walking and Talking' is not on the sheet. Should be the first line 'The Poor Living Off the Rich'.","","SURE"
"G04_POEM_IN_POEMS_BY_TOM_PAGE_02_OF_02_V10F_W0220__cards_01-10__READER_A.json","708","708","MATCHES","1:UPRIGHT 2:UPRIGHT","1=[7-0-8] Back of a printed handout with handwritten poem 'She came to me late one night'; side notes written sideways in the margins ('Started drinking to drown my sorrows...', 'Rat on a rusty wheel', 'Stream / Shore'). || 2=[7-0-8] Printed side of the same handout: marketing simulation text and boxed 'Transforming Your Group into a Team', Houghton Mifflin copyright line.","MATCH","Handwritten poem, margin notes and the printed handout text are all typed and all pictured.","NOT FROM THIS SHEET","Name is the printed textbook box heading (Houghton Mifflin handout), not Tom's writing. Should be the poem's first line 'She came to me late one night'.","Typed words carry a long block of printed Houghton Mifflin textbook text (not Tom's words) on a POEM card.","SURE"
"G04_POEM_IN_POEMS_BY_TOM_PAGE_02_OF_02_V10F_W0220__cards_01-10__READER_A.json","1054","1054","MATCHES","1:UPRIGHT","1=[1-0-5-4] Mostly blank loose-leaf sheet with three lines: 'The power's in the mind and it works both ways / Find your way home in the darkness / Or be led astray'.","WORDS FROM ANOTHER SHEET","Typed words ('Through rain, sleet, or snow there's someplace I must find...') are on no photo here. The pictured sheet says 'The power's in the mind and it works both ways / Find your way home in the darkness / Or be led astray', which is not typed.","NOT FROM THIS SHEET","Should be 'The power's in the mind' (first line of the pictured sheet).","Summary mentions handwritten poetry and four number squares; photo has only three short lines. Typed words may be from the back of this sheet or another item; not pictured.","SURE"
"G04_POEM_IN_POEMS_BY_TOM_PAGE_02_OF_02_V10F_W0220__cards_11-19__READER_A.json","53","053","MATCHES","1:UPRIGHT","1=[0-5-3 (053)] Torn-edge lined sheet titled TOM'S THEME SONG with four written lines","MATCH","All four lines match the sheet (typed has a stray comma: 'I, aimed').","OK","Title written on the sheet: TOM'S THEME SONG.","Summary says 'numbered 3 in cards' but the blocks read 053.","SURE"
"G04_POEM_IN_POEMS_BY_TOM_PAGE_02_OF_02_V10F_W0220__cards_11-19__READER_A.json","334","334","MATCHES","1:UPRIGHT 2:UPRIGHT","1=[3-3-4 (334)] Full yellow legal sheet, about 28 lines starting 'Goodbye my loving wife' || 2=[3-3-4 (334)] Second yellow legal sheet (turned copy), 10 lines starting 'When a stranger breaks into your home'","SHEET WORDS NOT TYPED","Typed words are only a 6-line excerpt. Photo 1: only first 3 of ~28 lines typed (missing 'Found out just exactly what I did' through 'And when it is threatened you do what it takes'). Photo 2: only first line and last 2 lines typed (missing 'There's no chance he'll ever walk home' through 'But when all your hiding places are gone').","OK","First line of sheet 1: Goodbye my loving wife.","","SURE"
"G04_POEM_IN_POEMS_BY_TOM_PAGE_02_OF_02_V10F_W0220__cards_11-19__READER_A.json","353","353","MATCHES","1:UPRIGHT","1=[3-5-3 (353)] Lined sheet with block-letter title TRAIN, a drawn spiral binding down the left edge, and a six-verse poem","SHEET WORDS NOT TYPED","Only the last 2 lines are typed. The first five verses ('The conductor blows the whistle' through 'And sitting with someone else', plus 'In all of this confusion / You know I really lost my mind') are missing.","OK","Title written on the sheet: TRAIN.","Summary says drawings at top left and bottom edge; the drawing is a spiral binding running down the whole left edge (minor).","SURE"
"G04_POEM_IN_POEMS_BY_TOM_PAGE_02_OF_02_V10F_W0220__cards_11-19__READER_A.json","367","367","MATCHES","1:UPRIGHT","1=[3-6-7 (367)] Lined sheet with a large ink drawing (moon, cratered planet, figure) and two written lines at the bottom","MATCH","Typed lines match the handwriting.","NOT FROM THIS SHEET","No title on sheet. Name should come from the first line: 'I can never get to sleep'.","Summary says red ink; the writing and drawing are black ink. Summary does not mention the large drawing that fills most of the sheet.","SURE"
"G04_POEM_IN_POEMS_BY_TOM_PAGE_02_OF_02_V10F_W0220__cards_11-19__READER_A.json","716","716","MATCHES","1:UPRIGHT","1=[7-1-6 (716)] Torn half of a lined loose-leaf sheet with three written lines","MATCH","Matches: Just a second / could change your / life.","OK","First line: Just a second.","Summary says the sheet features the number squares; the squares are separate cards above the sheet (minor).","SURE"
"G04_POEM_IN_POEMS_BY_TOM_PAGE_02_OF_02_V10F_W0220__cards_11-19__READER_A.json","798","798","MATCHES","1:UPRIGHT","1=[7-9-8 (798)] Lined loose-leaf sheet, torn right edge, poem starting 'I'm writing my last will and testament' plus 'I wrote a letter to myself / But it was meant for someone else'","WORDS FROM ANOTHER SHEET","Typed words 'How many people know themselves that [crossed out] well' are not on this sheet. Sheet reads: I'm writing my last will and testament / For I've found myself trapped in a battle again / I have suffered defeat and tasted victory / ... / Certainly my family has always been the world to me / I wrote a letter to myself / But it was meant for someone else.","OK","First line of sheet: I'm writing my last will and testament.","","SURE"
"G04_POEM_IN_POEMS_BY_TOM_PAGE_02_OF_02_V10F_W0220__cards_11-19__READER_A.json","884","884","MATCHES","1:UPRIGHT 2:UPRIGHT","1=[8-8-4 (884)] Front of lined sheet with two written lines 'Did God create us or did we create him'; green drawing faintly shows through || 2=[8-8-4 (884)] Back of same sheet: arithmetic notes (145 pt.1, 115 pt.2, 60 into 260, 4 hrs. 20 min.) and a green marker drawing","MATCH","Both lines and the back-side notes are typed and match.","OK","First line: Did God create us or did we create him.","Summary does not mention the green drawing on the back (minor).","SURE"
"G04_POEM_IN_POEMS_BY_TOM_PAGE_02_OF_02_V10F_W0220__cards_11-19__READER_A.json","1066","1066","MATCHES","1:UPRIGHT","1=[1-0-6-6 (1066)] Plain white sheet with four faint pencil lines at the top","MATCH","All four lines match.","OK","First line: I guess it took me awhile.","","SURE"
"G04_POEM_IN_POEMS_BY_TOM_PAGE_02_OF_02_V10F_W0220__cards_11-19__READER_A.json","1067","1067","MATCHES","1:UPRIGHT","1=[1-0-6-7 (1067)] Lined sheet with torn left edge and folded bottom-right corner, five written lines","MATCH","All five lines match.","OK","First line: Turn the page.","","SURE"
